0 verbose cli C:\Program Files\nodejs\node.exe C:\Users\admin\AppData\Roaming\npm\node_modules\npm\bin\npm-cli.js
1 info using npm@11.6.4
2 info using node@v24.11.1
3 silly config load:file:C:\Users\admin\AppData\Roaming\npm\node_modules\npm\npmrc
4 silly config load:file:D:\Hackathons\WEMAKEDEVS\trueforge_hackathon\.npmrc
5 silly config load:file:C:\Users\admin\.npmrc
6 silly config load:file:C:\Users\admin\AppData\Roaming\npm\etc\npmrc
7 verbose title npm install
8 verbose argv "install"
9 verbose logfile logs-max:10 dir:D:\Hackathons\WEMAKEDEVS\trueforge_hackathon\.npm-cache\_logs\2026-08-29T12_42_01_946Z-
10 verbose logfile D:\Hackathons\WEMAKEDEVS\trueforge_hackathon\.npm-cache\_logs\2026-08-29T12_42_01_946Z-debug-0.log
11 silly logfile done cleaning log files
12 silly packumentCache heap:4496293888 maxSize:1124073472 maxEntrySize:562036736
13 silly idealTree buildDeps
14 silly fetch manifest react@^18.3.1
15 silly packumentCache full:https://registry.npmjs.org/react cache-miss
16 http cache https://registry.npmjs.org/react 34ms (cache hit)
17 silly packumentCache full:https://registry.npmjs.org/react set size:6926968 disposed:false
18 silly fetch manifest react-dom@^18.3.1
19 silly packumentCache full:https://registry.npmjs.org/react-dom cache-miss
20 http cache https://registry.npmjs.org/react-dom 28ms (cache hit)
21 silly packumentCache full:https://registry.npmjs.org/react-dom set size:9313795 disposed:false
22 silly fetch manifest react-router-dom@^6.27.0
23 silly packumentCache full:https://registry.npmjs.org/react-router-dom cache-miss
24 http cache https://registry.npmjs.org/react-router-dom 14ms (cache hit)
25 silly packumentCache full:https://registry.npmjs.org/react-router-dom set size:2899056 disposed:false
26 silly fetch manifest @truefoundry/trueforge-sdk@^0.1.3
27 silly packumentCache full:https://registry.npmjs.org/@truefoundry%2ftrueforge-sdk cache-miss
28 http cache https://registry.npmjs.org/@truefoundry%2ftrueforge-sdk 6ms (cache hit)
29 silly packumentCache full:https://registry.npmjs.org/@truefoundry%2ftrueforge-sdk set size:81123 disposed:false
30 silly fetch manifest lucide-react@^0.441.0
31 silly packumentCache full:https://registry.npmjs.org/lucide-react cache-miss
32 http cache https://registry.npmjs.org/lucide-react 11ms (cache hit)
33 silly packumentCache full:https://registry.npmjs.org/lucide-react set size:2331652 disposed:false
34 silly fetch manifest clsx@^2.1.1
35 silly packumentCache full:https://registry.npmjs.org/clsx cache-miss
36 http cache https://registry.npmjs.org/clsx 8ms (cache hit)
37 silly packumentCache full:https://registry.npmjs.org/clsx set size:42506 disposed:false
38 silly fetch manifest tailwind-merge@^2.5.3
39 silly packumentCache full:https://registry.npmjs.org/tailwind-merge cache-miss
40 http cache https://registry.npmjs.org/tailwind-merge 9ms (cache hit)
41 silly packumentCache full:https://registry.npmjs.org/tailwind-merge set size:1723447 disposed:false
42 silly fetch manifest class-variance-authority@^0.7.0
43 silly packumentCache full:https://registry.npmjs.org/class-variance-authority cache-miss
44 http cache https://registry.npmjs.org/class-variance-authority 7ms (cache hit)
45 silly packumentCache full:https://registry.npmjs.org/class-variance-authority set size:96388 disposed:false
46 silly fetch manifest @types/node@^22.7.5
47 silly packumentCache full:https://registry.npmjs.org/@types%2fnode cache-miss
48 http fetch GET 200 https://registry.npmjs.org/@types%2fnode 480ms (cache revalidated)
49 silly packumentCache full:https://registry.npmjs.org/@types%2fnode set size:11096266 disposed:false
50 silly fetch manifest @types/react@^18.3.11
51 silly packumentCache full:https://registry.npmjs.org/@types%2freact cache-miss
52 http cache https://registry.npmjs.org/@types%2freact 20ms (cache hit)
53 silly packumentCache full:https://registry.npmjs.org/@types%2freact set size:2637439 disposed:false
54 silly fetch manifest @types/react-dom@^18.3.1
55 silly packumentCache full:https://registry.npmjs.org/@types%2freact-dom cache-miss
56 http cache https://registry.npmjs.org/@types%2freact-dom 18ms (cache hit)
57 silly packumentCache full:https://registry.npmjs.org/@types%2freact-dom set size:435860 disposed:false
58 silly fetch manifest @vitejs/plugin-react@^4.3.2
59 silly packumentCache full:https://registry.npmjs.org/@vitejs%2fplugin-react cache-miss
60 http cache https://registry.npmjs.org/@vitejs%2fplugin-react 7ms (cache hit)
61 silly packumentCache full:https://registry.npmjs.org/@vitejs%2fplugin-react set size:284195 disposed:false
62 silly fetch manifest vite@^5.4.9
63 silly packumentCache full:https://registry.npmjs.org/vite cache-miss
64 http cache https://registry.npmjs.org/vite 87ms (cache hit)
65 silly packumentCache full:https://registry.npmjs.org/vite set size:38929639 disposed:false
66 silly fetch manifest less@*
67 silly packumentCache full:https://registry.npmjs.org/less cache-miss
68 http cache https://registry.npmjs.org/less 13ms (cache hit)
69 silly packumentCache full:https://registry.npmjs.org/less set size:500352 disposed:false
70 silly fetch manifest lightningcss@^1.21.0
71 silly packumentCache full:https://registry.npmjs.org/lightningcss cache-miss
72 http cache https://registry.npmjs.org/lightningcss 7ms (cache hit)
73 silly packumentCache full:https://registry.npmjs.org/lightningcss set size:191065 disposed:false
74 silly fetch manifest sass@*
75 silly packumentCache full:https://registry.npmjs.org/sass cache-miss
76 http cache https://registry.npmjs.org/sass 7ms (cache hit)
77 silly packumentCache full:https://registry.npmjs.org/sass set size:747752 disposed:false
78 silly fetch manifest sass-embedded@*
79 silly packumentCache full:https://registry.npmjs.org/sass-embedded cache-miss
80 http cache https://registry.npmjs.org/sass-embedded 7ms (cache hit)
81 silly packumentCache full:https://registry.npmjs.org/sass-embedded set size:428375 disposed:false
82 silly fetch manifest stylus@*
83 silly packumentCache full:https://registry.npmjs.org/stylus cache-miss
84 http cache https://registry.npmjs.org/stylus 8ms (cache hit)
85 silly packumentCache full:https://registry.npmjs.org/stylus set size:286766 disposed:false
86 silly fetch manifest sugarss@*
87 silly packumentCache full:https://registry.npmjs.org/sugarss cache-miss
88 http cache https://registry.npmjs.org/sugarss 5ms (cache hit)
89 silly packumentCache full:https://registry.npmjs.org/sugarss set size:44975 disposed:false
90 silly fetch manifest postcss@^8.4.47
91 silly packumentCache full:https://registry.npmjs.org/postcss cache-miss
92 http cache https://registry.npmjs.org/postcss 8ms (cache hit)
93 silly packumentCache full:https://registry.npmjs.org/postcss set size:760024 disposed:false
94 silly fetch manifest terser@^5.4.0
95 silly packumentCache full:https://registry.npmjs.org/terser cache-miss
96 http cache https://registry.npmjs.org/terser 9ms (cache hit)
97 silly packumentCache full:https://registry.npmjs.org/terser set size:827672 disposed:false
98 silly fetch manifest autoprefixer@^10.4.20
99 silly packumentCache full:https://registry.npmjs.org/autoprefixer cache-miss
100 http cache https://registry.npmjs.org/autoprefixer 10ms (cache hit)
101 silly packumentCache full:https://registry.npmjs.org/autoprefixer set size:1366815 disposed:false
102 silly fetch manifest tailwindcss@^3.4.13
103 silly packumentCache full:https://registry.npmjs.org/tailwindcss cache-miss
104 http cache https://registry.npmjs.org/tailwindcss 32ms (cache hit)
105 silly packumentCache full:https://registry.npmjs.org/tailwindcss set size:10868886 disposed:false
106 silly fetch manifest typescript@^5.6.3
107 silly packumentCache full:https://registry.npmjs.org/typescript cache-miss
108 http cache https://registry.npmjs.org/typescript 77ms (cache hit)
109 silly packumentCache full:https://registry.npmjs.org/typescript set size:15610235 disposed:false
110 silly fetch manifest vitest@^2.1.2
111 silly packumentCache full:https://registry.npmjs.org/vitest cache-miss
112 http cache https://registry.npmjs.org/vitest 16ms (cache hit)
113 silly packumentCache full:https://registry.npmjs.org/vitest set size:2246949 disposed:false
114 silly fetch manifest @edge-runtime/vm@*
115 silly packumentCache full:https://registry.npmjs.org/@edge-runtime%2fvm cache-miss
116 http cache https://registry.npmjs.org/@edge-runtime%2fvm 7ms (cache hit)
117 silly packumentCache full:https://registry.npmjs.org/@edge-runtime%2fvm set size:269934 disposed:false
118 silly fetch manifest @vitest/browser@2.1.9
119 silly packumentCache full:https://registry.npmjs.org/@vitest%2fbrowser cache-miss
120 http cache https://registry.npmjs.org/@vitest%2fbrowser 9ms (cache hit)
121 silly packumentCache full:https://registry.npmjs.org/@vitest%2fbrowser set size:800878 disposed:false
122 silly fetch manifest playwright@*
123 silly packumentCache full:https://registry.npmjs.org/playwright cache-miss
124 http cache https://registry.npmjs.org/playwright 45ms (cache hit)
125 silly packumentCache full:https://registry.npmjs.org/playwright set size:16677422 disposed:false
126 silly fetch manifest webdriverio@*
127 silly packumentCache full:https://registry.npmjs.org/webdriverio cache-miss
128 http cache https://registry.npmjs.org/webdriverio 18ms (cache hit)
129 silly packumentCache full:https://registry.npmjs.org/webdriverio set size:3162963 disposed:false
130 silly fetch manifest puppeteer-core@>=22.x <=24.x
131 silly packumentCache full:https://registry.npmjs.org/puppeteer-core cache-miss
132 http cache https://registry.npmjs.org/puppeteer-core 10ms (cache hit)
133 silly packumentCache full:https://registry.npmjs.org/puppeteer-core set size:1576304 disposed:false
134 silly fetch manifest @vitest/ui@^2.1.2
135 silly packumentCache full:https://registry.npmjs.org/@vitest%2fui cache-miss
136 http cache https://registry.npmjs.org/@vitest%2fui 10ms (cache hit)
137 silly packumentCache full:https://registry.npmjs.org/@vitest%2fui set size:1289006 disposed:false
138 silly fetch manifest happy-dom@*
139 silly packumentCache full:https://registry.npmjs.org/happy-dom cache-miss
140 http cache https://registry.npmjs.org/happy-dom 13ms (cache hit)
141 silly packumentCache full:https://registry.npmjs.org/happy-dom set size:2517344 disposed:false
142 silly fetch manifest jsdom@^25.0.1
143 silly packumentCache full:https://registry.npmjs.org/jsdom cache-miss
144 http cache https://registry.npmjs.org/jsdom 12ms (cache hit)
145 silly packumentCache full:https://registry.npmjs.org/jsdom set size:1074418 disposed:false
146 silly fetch manifest canvas@^2.11.2
147 silly packumentCache full:https://registry.npmjs.org/canvas cache-miss
148 http cache https://registry.npmjs.org/canvas 6ms (cache hit)
149 silly packumentCache full:https://registry.npmjs.org/canvas set size:353371 disposed:false
150 silly fetch manifest @testing-library/react@^16.0.1
151 silly packumentCache full:https://registry.npmjs.org/@testing-library%2freact cache-miss
152 http cache https://registry.npmjs.org/@testing-library%2freact 7ms (cache hit)
153 silly packumentCache full:https://registry.npmjs.org/@testing-library%2freact set size:625369 disposed:false
154 silly fetch manifest @testing-library/dom@^10.0.0
155 silly packumentCache full:https://registry.npmjs.org/@testing-library%2fdom cache-miss
156 http cache https://registry.npmjs.org/@testing-library%2fdom 9ms (cache hit)
157 silly packumentCache full:https://registry.npmjs.org/@testing-library%2fdom set size:1097604 disposed:false
158 silly fetch manifest @testing-library/jest-dom@^6.5.0
159 silly packumentCache full:https://registry.npmjs.org/@testing-library%2fjest-dom cache-miss
160 http cache https://registry.npmjs.org/@testing-library%2fjest-dom 8ms (cache hit)
161 silly packumentCache full:https://registry.npmjs.org/@testing-library%2fjest-dom set size:438371 disposed:false
162 silly placeDep ROOT @testing-library/jest-dom@6.9.1 OK for: premortem@0.1.0 want: ^6.5.0
163 silly placeDep ROOT @testing-library/react@16.3.3 OK for: premortem@0.1.0 want: ^16.0.1
164 silly placeDep ROOT react@18.3.1 OK for: @testing-library/react@16.3.3 want: ^18.0.0 || ^19.0.0
165 silly placeDep ROOT react-dom@18.3.1 OK for: @testing-library/react@16.3.3 want: ^18.0.0 || ^19.0.0
166 silly placeDep ROOT @testing-library/dom@10.4.1 OK for: @testing-library/react@16.3.3 want: ^10.0.0
167 silly placeDep ROOT @truefoundry/trueforge-sdk@0.1.3 OK for: premortem@0.1.0 want: ^0.1.3
168 silly placeDep ROOT @types/node@22.20.1 OK for: premortem@0.1.0 want: ^22.7.5
169 silly placeDep ROOT @types/react@18.3.31 OK for: premortem@0.1.0 want: ^18.3.11
170 silly placeDep ROOT @types/react-dom@18.3.7 OK for: premortem@0.1.0 want: ^18.3.1
171 silly placeDep ROOT @vitejs/plugin-react@4.7.0 OK for: premortem@0.1.0 want: ^4.3.2
172 silly placeDep ROOT vite@5.4.21 OK for: @vitejs/plugin-react@4.7.0 want: ^4.2.0 || ^5.0.0 || ^6.0.0 || ^7.0.0
173 silly placeDep ROOT @vitest/ui@2.1.9 OK for: premortem@0.1.0 want: ^2.1.2
174 silly placeDep ROOT vitest@2.1.9 OK for: @vitest/ui@2.1.9 want: 2.1.9
175 silly placeDep ROOT autoprefixer@10.5.4 OK for: premortem@0.1.0 want: ^10.4.20
176 silly placeDep ROOT postcss@8.5.26 OK for: autoprefixer@10.5.4 want: ^8.1.0
177 silly placeDep ROOT class-variance-authority@0.7.1 OK for: premortem@0.1.0 want: ^0.7.0
178 silly placeDep ROOT clsx@2.1.1 OK for: premortem@0.1.0 want: ^2.1.1
179 silly placeDep ROOT jsdom@25.0.1 OK for: premortem@0.1.0 want: ^25.0.1
180 silly placeDep ROOT lucide-react@0.441.0 OK for: premortem@0.1.0 want: ^0.441.0
181 silly placeDep ROOT react-router-dom@6.30.6 OK for: premortem@0.1.0 want: ^6.27.0
182 silly placeDep ROOT tailwind-merge@2.6.1 OK for: premortem@0.1.0 want: ^2.5.3
183 silly placeDep ROOT tailwindcss@3.4.19 OK for: premortem@0.1.0 want: ^3.4.13
184 silly placeDep ROOT typescript@5.9.3 OK for: premortem@0.1.0 want: ^5.6.3
185 silly fetch manifest redent@^3.0.0
186 silly packumentCache full:https://registry.npmjs.org/redent cache-miss
187 silly fetch manifest aria-query@^5.0.0
188 silly packumentCache full:https://registry.npmjs.org/aria-query cache-miss
189 silly fetch manifest css.escape@^1.5.1
190 silly packumentCache full:https://registry.npmjs.org/css.escape cache-miss
191 silly fetch manifest picocolors@^1.1.1
192 silly packumentCache full:https://registry.npmjs.org/picocolors cache-miss
193 silly fetch manifest @adobe/css-tools@^4.4.0
194 silly packumentCache full:https://registry.npmjs.org/@adobe%2fcss-tools cache-miss
195 silly fetch manifest dom-accessibility-api@^0.6.3
196 silly packumentCache full:https://registry.npmjs.org/dom-accessibility-api cache-miss
197 silly fetch manifest @babel/runtime@^7.12.5
198 silly packumentCache full:https://registry.npmjs.org/@babel%2fruntime cache-miss
199 http cache https://registry.npmjs.org/redent 17ms (cache hit)
200 silly packumentCache full:https://registry.npmjs.org/redent set size:10478 disposed:false
201 silly fetch manifest lz-string@^1.5.0
202 silly packumentCache full:https://registry.npmjs.org/lz-string cache-miss
203 http cache https://registry.npmjs.org/aria-query 22ms (cache hit)
204 silly packumentCache full:https://registry.npmjs.org/aria-query set size:98864 disposed:false
205 silly fetch manifest aria-query@5.3.0
206 silly packumentCache full:https://registry.npmjs.org/aria-query cache-hit
207 silly fetch manifest picocolors@1.1.1
208 silly packumentCache full:https://registry.npmjs.org/picocolors cache-miss
209 http cache https://registry.npmjs.org/css.escape 26ms (cache hit)
210 silly packumentCache full:https://registry.npmjs.org/css.escape set size:18160 disposed:false
211 silly fetch manifest pretty-format@^27.0.2
212 silly packumentCache full:https://registry.npmjs.org/pretty-format cache-miss
213 http cache https://registry.npmjs.org/picocolors 28ms (cache hit)
214 silly packumentCache full:https://registry.npmjs.org/picocolors set size:16648 disposed:false
215 silly fetch manifest @babel/runtime@^7.12.5
216 silly packumentCache full:https://registry.npmjs.org/@babel%2fruntime cache-miss
217 http cache https://registry.npmjs.org/dom-accessibility-api 31ms (cache hit)
218 silly packumentCache full:https://registry.npmjs.org/dom-accessibility-api set size:175425 disposed:false
219 silly fetch manifest @babel/code-frame@^7.10.4
220 silly packumentCache full:https://registry.npmjs.org/@babel%2fcode-frame cache-miss
221 http cache https://registry.npmjs.org/@babel%2fruntime 40ms (cache hit)
222 silly packumentCache full:https://registry.npmjs.org/@babel%2fruntime set size:3471810 disposed:false
223 silly fetch manifest @types/aria-query@^5.0.1
224 silly packumentCache full:https://registry.npmjs.org/@types%2faria-query cache-miss
225 http cache https://registry.npmjs.org/@adobe%2fcss-tools 69ms (cache hit)
226 silly packumentCache full:https://registry.npmjs.org/@adobe%2fcss-tools set size:93694 disposed:false
227 silly fetch manifest dom-accessibility-api@^0.5.9
228 silly packumentCache full:https://registry.npmjs.org/dom-accessibility-api cache-hit
229 silly fetch manifest scheduler@^0.23.2
230 silly packumentCache full:https://registry.npmjs.org/scheduler cache-miss
231 http cache https://registry.npmjs.org/lz-string 68ms (cache hit)
232 silly packumentCache full:https://registry.npmjs.org/lz-string set size:16381 disposed:false
233 silly fetch manifest loose-envify@^1.1.0
234 silly packumentCache full:https://registry.npmjs.org/loose-envify cache-miss
235 http cache https://registry.npmjs.org/picocolors 66ms (cache hit)
236 silly packumentCache full:https://registry.npmjs.org/picocolors set size:16648 disposed:false
237 silly packumentCache full:https://registry.npmjs.org/picocolors dispose
238 silly fetch manifest loose-envify@^1.1.0
239 silly packumentCache full:https://registry.npmjs.org/loose-envify cache-miss
240 http cache https://registry.npmjs.org/pretty-format 68ms (cache hit)
241 silly packumentCache full:https://registry.npmjs.org/pretty-format set size:616029 disposed:false
242 silly fetch manifest undici-types@~6.21.0
243 silly packumentCache full:https://registry.npmjs.org/undici-types cache-miss
244 http cache https://registry.npmjs.org/@babel%2fcode-frame 69ms (cache hit)
245 silly packumentCache full:https://registry.npmjs.org/@babel%2fcode-frame set size:206617 disposed:false
246 silly fetch manifest csstype@^3.2.2
247 silly packumentCache full:https://registry.npmjs.org/csstype cache-miss
248 http cache https://registry.npmjs.org/@babel%2fruntime 88ms (cache hit)
249 silly packumentCache full:https://registry.npmjs.org/@babel%2fruntime set size:3471810 disposed:false
250 silly fetch manifest @types/prop-types@*
251 silly packumentCache full:https://registry.npmjs.org/@types%2fprop-types cache-miss
252 http cache https://registry.npmjs.org/@types%2faria-query 75ms (cache hit)
253 silly packumentCache full:https://registry.npmjs.org/@types%2faria-query set size:21095 disposed:false
254 silly fetch manifest @babel/core@^7.28.0
255 silly packumentCache full:https://registry.npmjs.org/@babel%2fcore cache-miss
256 http cache https://registry.npmjs.org/scheduler 83ms (cache hit)
257 silly packumentCache full:https://registry.npmjs.org/scheduler set size:5719027 disposed:false
258 silly fetch manifest react-refresh@^0.17.0
259 silly packumentCache full:https://registry.npmjs.org/react-refresh cache-miss
260 http cache https://registry.npmjs.org/loose-envify 151ms (cache hit)
261 silly packumentCache full:https://registry.npmjs.org/loose-envify set size:12559 disposed:false
262 silly fetch manifest @types/babel__core@^7.20.5
263 silly packumentCache full:https://registry.npmjs.org/@types%2fbabel__core cache-miss
264 http cache https://registry.npmjs.org/loose-envify 163ms (cache hit)
265 silly packumentCache full:https://registry.npmjs.org/loose-envify set size:12559 disposed:false
266 silly packumentCache full:https://registry.npmjs.org/loose-envify dispose
267 silly fetch manifest @rolldown/pluginutils@1.0.0-beta.27
268 silly packumentCache full:https://registry.npmjs.org/@rolldown%2fpluginutils cache-miss
269 http cache https://registry.npmjs.org/csstype 144ms (cache hit)
270 silly packumentCache full:https://registry.npmjs.org/csstype set size:274189 disposed:false
271 silly fetch manifest @babel/plugin-transform-react-jsx-self@^7.27.1
272 silly packumentCache full:https://registry.npmjs.org/@babel%2fplugin-transform-react-jsx-self cache-miss
273 http cache https://registry.npmjs.org/@types%2fprop-types 119ms (cache hit)
274 silly packumentCache full:https://registry.npmjs.org/@types%2fprop-types set size:53942 disposed:false
275 silly fetch manifest @babel/plugin-transform-react-jsx-source@^7.27.1
276 silly packumentCache full:https://registry.npmjs.org/@babel%2fplugin-transform-react-jsx-source cache-miss
277 http cache https://registry.npmjs.org/@babel%2fcore 119ms (cache hit)
278 silly packumentCache full:https://registry.npmjs.org/@babel%2fcore set size:788273 disposed:false
279 silly fetch manifest rollup@^4.20.0
280 silly packumentCache full:https://registry.npmjs.org/rollup cache-miss
281 http cache https://registry.npmjs.org/react-refresh 88ms (cache hit)
282 silly packumentCache full:https://registry.npmjs.org/react-refresh set size:6574811 disposed:false
283 silly fetch manifest esbuild@^0.21.3
284 silly packumentCache full:https://registry.npmjs.org/esbuild cache-miss
285 http cache https://registry.npmjs.org/@types%2fbabel__core 98ms (cache hit)
286 silly packumentCache full:https://registry.npmjs.org/@types%2fbabel__core set size:88676 disposed:false
287 silly fetch manifest postcss@^8.4.43
288 silly packumentCache full:https://registry.npmjs.org/postcss cache-hit
289 silly fetch manifest fsevents@~2.3.3
290 silly packumentCache full:https://registry.npmjs.org/fsevents cache-miss
291 http cache https://registry.npmjs.org/@babel%2fplugin-transform-react-jsx-source 89ms (cache hit)
292 silly packumentCache full:https://registry.npmjs.org/@babel%2fplugin-transform-react-jsx-source set size:205288 disposed:false
293 silly fetch manifest sirv@^3.0.0
294 silly packumentCache full:https://registry.npmjs.org/sirv cache-miss
295 http cache https://registry.npmjs.org/@babel%2fplugin-transform-react-jsx-self 96ms (cache hit)
296 silly packumentCache full:https://registry.npmjs.org/@babel%2fplugin-transform-react-jsx-self set size:200274 disposed:false
297 silly fetch manifest pathe@^1.1.2
298 silly packumentCache full:https://registry.npmjs.org/pathe cache-miss
299 http cache https://registry.npmjs.org/@rolldown%2fpluginutils 108ms (cache hit)
300 silly packumentCache full:https://registry.npmjs.org/@rolldown%2fpluginutils set size:300388 disposed:false
301 silly fetch manifest fflate@^0.8.2
302 silly packumentCache full:https://registry.npmjs.org/fflate cache-miss
303 http fetch GET 200 https://registry.npmjs.org/undici-types 266ms (cache revalidated)
304 silly packumentCache full:https://registry.npmjs.org/undici-types set size:250438 disposed:false
305 silly fetch manifest flatted@^3.3.1
306 silly packumentCache full:https://registry.npmjs.org/flatted cache-miss
307 http cache https://registry.npmjs.org/rollup 122ms (cache hit)
308 silly packumentCache full:https://registry.npmjs.org/rollup set size:6315915 disposed:false
309 silly fetch manifest tinyglobby@^0.2.10
310 silly packumentCache full:https://registry.npmjs.org/tinyglobby cache-miss
311 http cache https://registry.npmjs.org/esbuild 113ms (cache hit)
312 silly packumentCache full:https://registry.npmjs.org/esbuild set size:1264676 disposed:false
313 silly fetch manifest tinyrainbow@^1.2.0
314 silly packumentCache full:https://registry.npmjs.org/tinyrainbow cache-miss
315 http cache https://registry.npmjs.org/sirv 110ms (cache hit)
316 silly packumentCache full:https://registry.npmjs.org/sirv set size:119203 disposed:false
317 silly fetch manifest @vitest/utils@2.1.9
318 silly packumentCache full:https://registry.npmjs.org/@vitest%2futils cache-miss
319 http cache https://registry.npmjs.org/fsevents 118ms (cache hit)
320 silly packumentCache full:https://registry.npmjs.org/fsevents set size:182472 disposed:false
321 silly fetch manifest chai@^5.1.2
322 silly packumentCache full:https://registry.npmjs.org/chai cache-miss
323 http cache https://registry.npmjs.org/fflate 107ms (cache hit)
324 silly packumentCache full:https://registry.npmjs.org/fflate set size:220550 disposed:false
325 silly fetch manifest debug@^4.3.7
326 silly packumentCache full:https://registry.npmjs.org/debug cache-miss
327 http cache https://registry.npmjs.org/flatted 110ms (cache hit)
328 silly packumentCache full:https://registry.npmjs.org/flatted set size:143283 disposed:false
329 silly fetch manifest pathe@^1.1.2
330 silly packumentCache full:https://registry.npmjs.org/pathe cache-miss
331 http cache https://registry.npmjs.org/tinyglobby 44ms (cache hit)
332 silly packumentCache full:https://registry.npmjs.org/tinyglobby set size:54291 disposed:false
333 silly fetch manifest std-env@^3.8.0
334 silly packumentCache full:https://registry.npmjs.org/std-env cache-miss
335 http cache https://registry.npmjs.org/tinyrainbow 30ms (cache hit)
336 silly packumentCache full:https://registry.npmjs.org/tinyrainbow set size:31061 disposed:false
337 silly fetch manifest tinyexec@^0.3.1
338 silly packumentCache full:https://registry.npmjs.org/tinyexec cache-miss
339 http cache https://registry.npmjs.org/@vitest%2futils 34ms (cache hit)
340 silly packumentCache full:https://registry.npmjs.org/@vitest%2futils set size:598494 disposed:false
341 silly fetch manifest tinypool@^1.0.1
342 silly packumentCache full:https://registry.npmjs.org/tinypool cache-miss
343 http cache https://registry.npmjs.org/chai 40ms (cache hit)
344 silly packumentCache full:https://registry.npmjs.org/chai set size:232540 disposed:false
345 silly fetch manifest tinybench@^2.9.0
346 silly packumentCache full:https://registry.npmjs.org/tinybench cache-miss
347 http cache https://registry.npmjs.org/std-env 36ms (cache hit)
348 silly packumentCache full:https://registry.npmjs.org/std-env set size:90491 disposed:false
349 silly fetch manifest vite-node@2.1.9
350 silly packumentCache full:https://registry.npmjs.org/vite-node cache-miss
351 http cache https://registry.npmjs.org/tinyexec 38ms (cache hit)
352 silly packumentCache full:https://registry.npmjs.org/tinyexec set size:65811 disposed:false
353 silly fetch manifest @vitest/spy@2.1.9
354 silly packumentCache full:https://registry.npmjs.org/@vitest%2fspy cache-miss
355 http cache https://registry.npmjs.org/tinypool 29ms (cache hit)
356 silly packumentCache full:https://registry.npmjs.org/tinypool set size:96353 disposed:false
357 silly fetch manifest expect-type@^1.1.0
358 silly packumentCache full:https://registry.npmjs.org/expect-type cache-miss
359 http cache https://registry.npmjs.org/tinybench 23ms (cache hit)
360 silly packumentCache full:https://registry.npmjs.org/tinybench set size:177108 disposed:false
361 silly fetch manifest magic-string@^0.30.12
362 silly packumentCache full:https://registry.npmjs.org/magic-string cache-miss
363 http fetch GET 200 https://registry.npmjs.org/pathe 190ms (cache revalidated)
364 silly packumentCache full:https://registry.npmjs.org/pathe set size:68788 disposed:false
365 silly fetch manifest @vitest/expect@2.1.9
366 silly packumentCache full:https://registry.npmjs.org/@vitest%2fexpect cache-miss
367 http cache https://registry.npmjs.org/vite-node 31ms (cache hit)
368 silly packumentCache full:https://registry.npmjs.org/vite-node set size:1079451 disposed:false
369 silly fetch manifest @vitest/mocker@2.1.9
370 silly packumentCache full:https://registry.npmjs.org/@vitest%2fmocker cache-miss
371 http cache https://registry.npmjs.org/@vitest%2fspy 36ms (cache hit)
372 silly packumentCache full:https://registry.npmjs.org/@vitest%2fspy set size:458623 disposed:false
373 silly fetch manifest @vitest/runner@2.1.9
374 silly packumentCache full:https://registry.npmjs.org/@vitest%2frunner cache-miss
375 http cache https://registry.npmjs.org/expect-type 42ms (cache hit)
376 silly packumentCache full:https://registry.npmjs.org/expect-type set size:191241 disposed:false
377 silly fetch manifest @vitest/snapshot@2.1.9
378 silly packumentCache full:https://registry.npmjs.org/@vitest%2fsnapshot cache-miss
379 http cache https://registry.npmjs.org/magic-string 39ms (cache hit)
380 silly packumentCache full:https://registry.npmjs.org/magic-string set size:352504 disposed:false
381 silly fetch manifest why-is-node-running@^2.3.0
382 silly packumentCache full:https://registry.npmjs.org/why-is-node-running cache-miss
383 http cache https://registry.npmjs.org/@vitest%2fexpect 39ms (cache hit)
384 silly packumentCache full:https://registry.npmjs.org/@vitest%2fexpect set size:495222 disposed:false
385 silly fetch manifest @vitest/pretty-format@^2.1.9
386 silly packumentCache full:https://registry.npmjs.org/@vitest%2fpretty-format cache-miss
387 http cache https://registry.npmjs.org/@vitest%2frunner 26ms (cache hit)
388 silly packumentCache full:https://registry.npmjs.org/@vitest%2frunner set size:468291 disposed:false
389 silly fetch manifest fraction.js@^5.3.4
390 silly packumentCache full:https://registry.npmjs.org/fraction.js cache-miss
391 http cache https://registry.npmjs.org/@vitest%2fmocker 42ms (cache hit)
392 silly packumentCache full:https://registry.npmjs.org/@vitest%2fmocker set size:346969 disposed:false
393 silly fetch manifest browserslist@^4.28.6
394 silly packumentCache full:https://registry.npmjs.org/browserslist cache-miss
395 http cache https://registry.npmjs.org/@vitest%2fsnapshot 36ms (cache hit)
396 silly packumentCache full:https://registry.npmjs.org/@vitest%2fsnapshot set size:470572 disposed:false
397 silly fetch manifest caniuse-lite@^1.0.30001806
398 silly packumentCache full:https://registry.npmjs.org/caniuse-lite cache-miss
399 http cache https://registry.npmjs.org/why-is-node-running 50ms (cache hit)
400 silly packumentCache full:https://registry.npmjs.org/why-is-node-running set size:50430 disposed:false
401 silly fetch manifest postcss-value-parser@^4.2.0
402 silly packumentCache full:https://registry.npmjs.org/postcss-value-parser cache-miss
403 http cache https://registry.npmjs.org/@vitest%2fpretty-format 46ms (cache hit)
404 silly packumentCache full:https://registry.npmjs.org/@vitest%2fpretty-format set size:293905 disposed:false
405 silly fetch manifest nanoid@^3.3.17
406 silly packumentCache full:https://registry.npmjs.org/nanoid cache-miss
407 http cache https://registry.npmjs.org/fraction.js 42ms (cache hit)
408 silly packumentCache full:https://registry.npmjs.org/fraction.js set size:149386 disposed:false
409 silly fetch manifest source-map-js@^1.2.1
410 silly packumentCache full:https://registry.npmjs.org/source-map-js cache-miss
411 http cache https://registry.npmjs.org/browserslist 39ms (cache hit)
412 silly packumentCache full:https://registry.npmjs.org/browserslist set size:518659 disposed:false
413 silly fetch manifest ws@^8.18.0
414 silly packumentCache full:https://registry.npmjs.org/ws cache-miss
415 http cache https://registry.npmjs.org/postcss-value-parser 27ms (cache hit)
416 silly packumentCache full:https://registry.npmjs.org/postcss-value-parser set size:73526 disposed:false
417 silly fetch manifest saxes@^6.0.0
418 silly packumentCache full:https://registry.npmjs.org/saxes cache-miss
419 http cache https://registry.npmjs.org/caniuse-lite 51ms (cache hit)
420 silly packumentCache full:https://registry.npmjs.org/caniuse-lite set size:2313344 disposed:false
421 silly fetch manifest nwsapi@^2.2.12
422 silly packumentCache full:https://registry.npmjs.org/nwsapi cache-miss
423 http cache https://registry.npmjs.org/nanoid 42ms (cache hit)
424 silly packumentCache full:https://registry.npmjs.org/nanoid set size:342705 disposed:false
425 silly fetch manifest parse5@^7.1.2
426 silly packumentCache full:https://registry.npmjs.org/parse5 cache-miss
427 http cache https://registry.npmjs.org/source-map-js 44ms (cache hit)
428 silly packumentCache full:https://registry.npmjs.org/source-map-js set size:62640 disposed:false
429 silly fetch manifest cssstyle@^4.1.0
430 silly packumentCache full:https://registry.npmjs.org/cssstyle cache-miss
431 http cache https://registry.npmjs.org/saxes 34ms (cache hit)
432 silly packumentCache full:https://registry.npmjs.org/saxes set size:228593 disposed:false
433 silly fetch manifest data-urls@^5.0.0
434 silly packumentCache full:https://registry.npmjs.org/data-urls cache-miss
435 http cache https://registry.npmjs.org/nwsapi 21ms (cache hit)
436 silly packumentCache full:https://registry.npmjs.org/nwsapi set size:97148 disposed:false
437 silly fetch manifest form-data@^4.0.0
438 silly packumentCache full:https://registry.npmjs.org/form-data cache-miss
439 http cache https://registry.npmjs.org/parse5 19ms (cache hit)
440 silly packumentCache full:https://registry.npmjs.org/parse5 set size:123116 disposed:false
441 silly fetch manifest decimal.js@^10.4.3
442 silly packumentCache full:https://registry.npmjs.org/decimal.js cache-miss
443 http cache https://registry.npmjs.org/cssstyle 19ms (cache hit)
444 silly packumentCache full:https://registry.npmjs.org/cssstyle set size:165320 disposed:false
445 silly fetch manifest whatwg-url@^14.0.0
446 silly packumentCache full:https://registry.npmjs.org/whatwg-url cache-miss
447 http cache https://registry.npmjs.org/data-urls 21ms (cache hit)
448 silly packumentCache full:https://registry.npmjs.org/data-urls set size:37311 disposed:false
449 silly fetch manifest rrweb-cssom@^0.7.1
450 silly packumentCache full:https://registry.npmjs.org/rrweb-cssom cache-miss
451 http cache https://registry.npmjs.org/decimal.js 19ms (cache hit)
452 silly packumentCache full:https://registry.npmjs.org/decimal.js set size:107790 disposed:false
453 silly fetch manifest symbol-tree@^3.2.4
454 silly packumentCache full:https://registry.npmjs.org/symbol-tree cache-miss
455 http cache https://registry.npmjs.org/whatwg-url 18ms (cache hit)
456 silly packumentCache full:https://registry.npmjs.org/whatwg-url set size:177251 disposed:false
457 silly fetch manifest tough-cookie@^5.0.0
458 silly packumentCache full:https://registry.npmjs.org/tough-cookie cache-miss
459 http cache https://registry.npmjs.org/rrweb-cssom 16ms (cache hit)
460 silly packumentCache full:https://registry.npmjs.org/rrweb-cssom set size:10104 disposed:false
461 silly fetch manifest whatwg-encoding@^3.1.1
462 silly packumentCache full:https://registry.npmjs.org/whatwg-encoding cache-miss
463 http cache https://registry.npmjs.org/symbol-tree 16ms (cache hit)
464 silly packumentCache full:https://registry.npmjs.org/symbol-tree set size:60614 disposed:false
465 silly fetch manifest whatwg-mimetype@^4.0.0
466 silly packumentCache full:https://registry.npmjs.org/whatwg-mimetype cache-miss
467 http cache https://registry.npmjs.org/tough-cookie 12ms (cache hit)
468 silly packumentCache full:https://registry.npmjs.org/tough-cookie set size:152921 disposed:false
469 silly fetch manifest http-proxy-agent@^7.0.2
470 silly packumentCache full:https://registry.npmjs.org/http-proxy-agent cache-miss
471 http cache https://registry.npmjs.org/whatwg-encoding 17ms (cache hit)
472 silly packumentCache full:https://registry.npmjs.org/whatwg-encoding set size:25704 disposed:false
473 silly fetch manifest https-proxy-agent@^7.0.5
474 silly packumentCache full:https://registry.npmjs.org/https-proxy-agent cache-miss
475 http cache https://registry.npmjs.org/whatwg-mimetype 13ms (cache hit)
476 silly packumentCache full:https://registry.npmjs.org/whatwg-mimetype set size:28179 disposed:false
477 silly fetch manifest w3c-xmlserializer@^5.0.0
478 silly packumentCache full:https://registry.npmjs.org/w3c-xmlserializer cache-miss
479 http cache https://registry.npmjs.org/http-proxy-agent 11ms (cache hit)
480 silly packumentCache full:https://registry.npmjs.org/http-proxy-agent set size:57253 disposed:false
481 silly fetch manifest webidl-conversions@^7.0.0
482 silly packumentCache full:https://registry.npmjs.org/webidl-conversions cache-miss
483 http cache https://registry.npmjs.org/w3c-xmlserializer 10ms (cache hit)
484 silly packumentCache full:https://registry.npmjs.org/w3c-xmlserializer set size:36375 disposed:false
485 silly fetch manifest xml-name-validator@^5.0.0
486 silly packumentCache full:https://registry.npmjs.org/xml-name-validator cache-miss
487 http cache https://registry.npmjs.org/webidl-conversions 11ms (cache hit)
488 silly packumentCache full:https://registry.npmjs.org/webidl-conversions set size:46073 disposed:false
489 silly fetch manifest html-encoding-sniffer@^4.0.0
490 silly packumentCache full:https://registry.npmjs.org/html-encoding-sniffer cache-miss
491 http fetch GET 200 https://registry.npmjs.org/ws 126ms (cache revalidated)
492 silly packumentCache full:https://registry.npmjs.org/ws set size:447661 disposed:false
493 silly fetch manifest is-potential-custom-element-name@^1.0.1
494 silly packumentCache full:https://registry.npmjs.org/is-potential-custom-element-name cache-miss
495 http cache https://registry.npmjs.org/xml-name-validator 14ms (cache hit)
496 silly packumentCache full:https://registry.npmjs.org/xml-name-validator set size:11085 disposed:false
497 silly fetch manifest react-router@6.30.6
498 silly packumentCache full:https://registry.npmjs.org/react-router cache-miss
499 http cache https://registry.npmjs.org/html-encoding-sniffer 16ms (cache hit)
500 silly packumentCache full:https://registry.npmjs.org/html-encoding-sniffer set size:23370 disposed:false
501 silly fetch manifest @remix-run/router@1.23.4
502 silly packumentCache full:https://registry.npmjs.org/@remix-run%2frouter cache-miss
503 http cache https://registry.npmjs.org/is-potential-custom-element-name 11ms (cache hit)
504 silly packumentCache full:https://registry.npmjs.org/is-potential-custom-element-name set size:6810 disposed:false
505 silly fetch manifest arg@^5.0.2
506 silly packumentCache full:https://registry.npmjs.org/arg cache-miss
507 http cache https://registry.npmjs.org/react-router 20ms (cache hit)
508 silly packumentCache full:https://registry.npmjs.org/react-router set size:4097079 disposed:false
509 silly fetch manifest dlv@^1.1.3
510 silly packumentCache full:https://registry.npmjs.org/dlv cache-miss
511 http cache https://registry.npmjs.org/@remix-run%2frouter 46ms (cache hit)
512 silly packumentCache full:https://registry.npmjs.org/@remix-run%2frouter set size:512399 disposed:false
513 silly fetch manifest jiti@^1.21.7
514 silly packumentCache full:https://registry.npmjs.org/jiti cache-miss
515 http cache https://registry.npmjs.org/arg 49ms (cache hit)
516 silly packumentCache full:https://registry.npmjs.org/arg set size:67036 disposed:false
517 silly fetch manifest is-glob@^4.0.3
518 silly packumentCache full:https://registry.npmjs.org/is-glob cache-miss
519 http fetch GET 200 https://registry.npmjs.org/pathe 372ms (cache revalidated)
520 silly packumentCache full:https://registry.npmjs.org/pathe set size:68788 disposed:false
521 silly packumentCache full:https://registry.npmjs.org/pathe dispose
522 silly fetch manifest resolve@^1.22.8
523 silly packumentCache full:https://registry.npmjs.org/resolve cache-miss
524 http fetch GET 200 https://registry.npmjs.org/debug 386ms (cache revalidated)
525 silly packumentCache full:https://registry.npmjs.org/debug set size:195840 disposed:false
526 silly fetch manifest sucrase@^3.35.0
527 silly packumentCache full:https://registry.npmjs.org/sucrase cache-miss
528 http cache https://registry.npmjs.org/dlv 28ms (cache hit)
529 silly packumentCache full:https://registry.npmjs.org/dlv set size:16709 disposed:false
530 silly fetch manifest chokidar@^3.6.0
531 silly packumentCache full:https://registry.npmjs.org/chokidar cache-miss
532 http cache https://registry.npmjs.org/jiti 30ms (cache hit)
533 silly packumentCache full:https://registry.npmjs.org/jiti set size:387989 disposed:false
534 silly fetch manifest fast-glob@^3.3.2
535 silly packumentCache full:https://registry.npmjs.org/fast-glob cache-miss
536 http cache https://registry.npmjs.org/resolve 28ms (cache hit)
537 silly packumentCache full:https://registry.npmjs.org/resolve set size:244568 disposed:false
538 silly fetch manifest lilconfig@^3.1.3
539 silly packumentCache full:https://registry.npmjs.org/lilconfig cache-miss
540 http cache https://registry.npmjs.org/sucrase 43ms (cache hit)
541 silly packumentCache full:https://registry.npmjs.org/sucrase set size:449399 disposed:false
542 silly fetch manifest didyoumean@^1.2.2
543 silly packumentCache full:https://registry.npmjs.org/didyoumean cache-miss
544 http cache https://registry.npmjs.org/chokidar 47ms (cache hit)
545 silly packumentCache full:https://registry.npmjs.org/chokidar set size:255902 disposed:false
546 silly fetch manifest micromatch@^4.0.8
547 silly packumentCache full:https://registry.npmjs.org/micromatch cache-miss
548 http cache https://registry.npmjs.org/lilconfig 39ms (cache hit)
549 silly packumentCache full:https://registry.npmjs.org/lilconfig set size:45636 disposed:false
550 silly fetch manifest postcss-js@^4.0.1
551 silly packumentCache full:https://registry.npmjs.org/postcss-js cache-miss
552 http cache https://registry.npmjs.org/didyoumean 19ms (cache hit)
553 silly packumentCache full:https://registry.npmjs.org/didyoumean set size:11446 disposed:false
554 silly fetch manifest glob-parent@^6.0.2
555 silly packumentCache full:https://registry.npmjs.org/glob-parent cache-miss
556 http cache https://registry.npmjs.org/postcss-js 12ms (cache hit)
557 silly packumentCache full:https://registry.npmjs.org/postcss-js set size:51308 disposed:false
558 silly fetch manifest object-hash@^3.0.0
559 silly packumentCache full:https://registry.npmjs.org/object-hash cache-miss
560 http cache https://registry.npmjs.org/object-hash 5ms (cache hit)
561 silly packumentCache full:https://registry.npmjs.org/object-hash set size:100564 disposed:false
562 silly fetch manifest normalize-path@^3.0.0
563 silly packumentCache full:https://registry.npmjs.org/normalize-path cache-miss
564 http fetch GET 200 https://registry.npmjs.org/is-glob 102ms (cache revalidated)
565 silly packumentCache full:https://registry.npmjs.org/is-glob set size:40530 disposed:false
566 silly fetch manifest postcss-import@^15.1.0
567 silly packumentCache full:https://registry.npmjs.org/postcss-import cache-miss
568 http cache https://registry.npmjs.org/normalize-path 9ms (cache hit)
569 silly packumentCache full:https://registry.npmjs.org/normalize-path set size:28713 disposed:false
570 silly fetch manifest postcss-nested@^6.2.0
571 silly packumentCache full:https://registry.npmjs.org/postcss-nested cache-miss
572 http cache https://registry.npmjs.org/postcss-import 9ms (cache hit)
573 silly packumentCache full:https://registry.npmjs.org/postcss-import set size:125042 disposed:false
574 silly fetch manifest @alloc/quick-lru@^5.2.0
575 silly packumentCache full:https://registry.npmjs.org/@alloc%2fquick-lru cache-miss
576 http cache https://registry.npmjs.org/postcss-nested 8ms (cache hit)
577 silly packumentCache full:https://registry.npmjs.org/postcss-nested set size:83321 disposed:false
578 silly fetch manifest postcss-load-config@^4.0.2 || ^5.0 || ^6.0
579 silly packumentCache full:https://registry.npmjs.org/postcss-load-config cache-miss
580 http cache https://registry.npmjs.org/@alloc%2fquick-lru 9ms (cache hit)
581 silly packumentCache full:https://registry.npmjs.org/@alloc%2fquick-lru set size:7269 disposed:false
582 silly fetch manifest postcss-selector-parser@^6.1.2
583 silly packumentCache full:https://registry.npmjs.org/postcss-selector-parser cache-miss
584 http cache https://registry.npmjs.org/postcss-load-config 8ms (cache hit)
585 silly packumentCache full:https://registry.npmjs.org/postcss-load-config set size:86425 disposed:false
586 http cache https://registry.npmjs.org/postcss-selector-parser 8ms (cache hit)
587 silly packumentCache full:https://registry.npmjs.org/postcss-selector-parser set size:196939 disposed:false
588 http fetch GET 200 https://registry.npmjs.org/form-data 311ms (cache revalidated)
589 silly packumentCache full:https://registry.npmjs.org/form-data set size:153174 disposed:false
590 http fetch GET 200 https://registry.npmjs.org/micromatch 99ms (cache revalidated)
591 silly packumentCache full:https://registry.npmjs.org/micromatch set size:240630 disposed:false
592 http fetch GET 200 https://registry.npmjs.org/https-proxy-agent 333ms (cache revalidated)
593 silly packumentCache full:https://registry.npmjs.org/https-proxy-agent set size:83792 disposed:false
594 http fetch GET 200 https://registry.npmjs.org/fast-glob 371ms (cache revalidated)
595 silly packumentCache full:https://registry.npmjs.org/fast-glob set size:220556 disposed:false
596 http fetch GET 200 https://registry.npmjs.org/glob-parent 331ms (cache revalidated)
597 silly packumentCache full:https://registry.npmjs.org/glob-parent set size:42445 disposed:false
598 silly placeDep ROOT @babel/code-frame@7.29.7 OK for: @testing-library/dom@10.4.1 want: ^7.10.4
599 silly placeDep ROOT @babel/runtime@7.29.7 OK for: @testing-library/dom@10.4.1 want: ^7.12.5
600 silly placeDep ROOT @types/aria-query@5.0.4 OK for: @testing-library/dom@10.4.1 want: ^5.0.1
601 silly placeDep ROOT aria-query@5.3.0 OK for: @testing-library/dom@10.4.1 want: 5.3.0
602 silly placeDep ROOT dom-accessibility-api@0.5.16 OK for: @testing-library/dom@10.4.1 want: ^0.5.9
603 silly placeDep ROOT lz-string@1.5.0 OK for: @testing-library/dom@10.4.1 want: ^1.5.0
604 silly placeDep ROOT picocolors@1.1.1 OK for: @testing-library/dom@10.4.1 want: 1.1.1
605 silly placeDep ROOT pretty-format@27.5.1 OK for: @testing-library/dom@10.4.1 want: ^27.0.2
606 silly fetch manifest js-tokens@^4.0.0
607 silly packumentCache full:https://registry.npmjs.org/js-tokens cache-miss
608 silly fetch manifest @babel/helper-validator-identifier@^7.29.7
609 silly packumentCache full:https://registry.npmjs.org/@babel%2fhelper-validator-identifier cache-miss
610 silly fetch manifest dequal@^2.0.3
611 silly packumentCache full:https://registry.npmjs.org/dequal cache-miss
612 silly fetch manifest react-is@^17.0.1
613 silly packumentCache full:https://registry.npmjs.org/react-is cache-miss
614 silly fetch manifest ansi-regex@^5.0.1
615 silly packumentCache full:https://registry.npmjs.org/ansi-regex cache-miss
616 silly fetch manifest ansi-styles@^5.0.0
617 silly packumentCache full:https://registry.npmjs.org/ansi-styles cache-miss
618 http cache https://registry.npmjs.org/@babel%2fhelper-validator-identifier 18ms (cache hit)
619 silly packumentCache full:https://registry.npmjs.org/@babel%2fhelper-validator-identifier set size:130133 disposed:false
620 http cache https://registry.npmjs.org/dequal 19ms (cache hit)
621 silly packumentCache full:https://registry.npmjs.org/dequal set size:24037 disposed:false
622 http cache https://registry.npmjs.org/js-tokens 21ms (cache hit)
623 silly packumentCache full:https://registry.npmjs.org/js-tokens set size:41947 disposed:false
624 http cache https://registry.npmjs.org/react-is 31ms (cache hit)
625 silly packumentCache full:https://registry.npmjs.org/react-is set size:5605732 disposed:false
626 http fetch GET 200 https://registry.npmjs.org/ansi-styles 99ms (cache revalidated)
627 silly packumentCache full:https://registry.npmjs.org/ansi-styles set size:71772 disposed:false
628 http fetch GET 200 https://registry.npmjs.org/ansi-regex 108ms (cache revalidated)
629 silly packumentCache full:https://registry.npmjs.org/ansi-regex set size:48203 disposed:false
630 silly placeDep ROOT @babel/helper-validator-identifier@7.29.7 OK for: @babel/code-frame@7.29.7 want: ^7.29.7
631 silly placeDep ROOT js-tokens@4.0.0 OK for: @babel/code-frame@7.29.7 want: ^4.0.0
632 silly placeDep ROOT @adobe/css-tools@4.5.0 OK for: @testing-library/jest-dom@6.9.1 want: ^4.4.0
633 silly placeDep ROOT css.escape@1.5.1 OK for: @testing-library/jest-dom@6.9.1 want: ^1.5.1
634 silly placeDep node_modules/@testing-library/jest-dom dom-accessibility-api@0.6.3 OK for: @testing-library/jest-dom@6.9.1 want: ^0.6.3
635 silly placeDep ROOT redent@3.0.0 OK for: @testing-library/jest-dom@6.9.1 want: ^3.0.0
636 silly fetch manifest indent-string@^4.0.0
637 silly packumentCache full:https://registry.npmjs.org/indent-string cache-miss
638 silly fetch manifest strip-indent@^3.0.0
639 silly packumentCache full:https://registry.npmjs.org/strip-indent cache-miss
640 http cache https://registry.npmjs.org/strip-indent 8ms (cache hit)
641 silly packumentCache full:https://registry.npmjs.org/strip-indent set size:21841 disposed:false
642 http cache https://registry.npmjs.org/indent-string 11ms (cache hit)
643 silly packumentCache full:https://registry.npmjs.org/indent-string set size:28547 disposed:false
644 silly placeDep ROOT undici-types@6.21.0 OK for: @types/node@22.20.1 want: ~6.21.0
645 silly placeDep ROOT @types/prop-types@15.7.15 OK for: @types/react@18.3.31 want: *
646 silly placeDep ROOT csstype@3.2.3 OK for: @types/react@18.3.31 want: ^3.2.2
647 silly placeDep ROOT @babel/core@7.29.7 OK for: @vitejs/plugin-react@4.7.0 want: ^7.28.0
648 silly placeDep ROOT @babel/plugin-transform-react-jsx-self@7.29.7 OK for: @vitejs/plugin-react@4.7.0 want: ^7.27.1
649 silly placeDep ROOT @babel/plugin-transform-react-jsx-source@7.29.7 OK for: @vitejs/plugin-react@4.7.0 want: ^7.27.1
650 silly placeDep ROOT @rolldown/pluginutils@1.0.0-beta.27 OK for: @vitejs/plugin-react@4.7.0 want: 1.0.0-beta.27
651 silly placeDep ROOT @types/babel__core@7.20.5 OK for: @vitejs/plugin-react@4.7.0 want: ^7.20.5
652 silly placeDep ROOT react-refresh@0.17.0 OK for: @vitejs/plugin-react@4.7.0 want: ^0.17.0
653 silly fetch manifest debug@^4.1.0
654 silly packumentCache full:https://registry.npmjs.org/debug cache-hit
655 silly fetch manifest json5@^2.2.3
656 silly packumentCache full:https://registry.npmjs.org/json5 cache-miss
657 silly fetch manifest semver@^6.3.1
658 silly packumentCache full:https://registry.npmjs.org/semver cache-miss
659 silly fetch manifest gensync@^1.0.0-beta.2
660 silly packumentCache full:https://registry.npmjs.org/gensync cache-miss
661 silly fetch manifest @babel/types@^7.29.7
662 silly packumentCache full:https://registry.npmjs.org/@babel%2ftypes cache-miss
663 silly fetch manifest @babel/parser@^7.29.7
664 silly packumentCache full:https://registry.npmjs.org/@babel%2fparser cache-miss
665 silly fetch manifest @babel/helpers@^7.29.7
666 silly packumentCache full:https://registry.npmjs.org/@babel%2fhelpers cache-miss
667 silly fetch manifest @babel/template@^7.29.7
668 silly packumentCache full:https://registry.npmjs.org/@babel%2ftemplate cache-miss
669 http cache https://registry.npmjs.org/gensync 11ms (cache hit)
670 silly packumentCache full:https://registry.npmjs.org/gensync set size:15068 disposed:false
671 silly fetch manifest @babel/traverse@^7.29.7
672 silly packumentCache full:https://registry.npmjs.org/@babel%2ftraverse cache-miss
673 http cache https://registry.npmjs.org/@babel%2ftypes 16ms (cache hit)
674 silly packumentCache full:https://registry.npmjs.org/@babel%2ftypes set size:502938 disposed:false
675 silly fetch manifest @babel/generator@^7.29.7
676 silly packumentCache full:https://registry.npmjs.org/@babel%2fgenerator cache-miss
677 http cache https://registry.npmjs.org/semver 23ms (cache hit)
678 silly packumentCache full:https://registry.npmjs.org/semver set size:246069 disposed:false
679 silly fetch manifest convert-source-map@^2.0.0
680 silly packumentCache full:https://registry.npmjs.org/convert-source-map cache-miss
681 http cache https://registry.npmjs.org/json5 26ms (cache hit)
682 silly packumentCache full:https://registry.npmjs.org/json5 set size:86136 disposed:false
683 silly fetch manifest @jridgewell/remapping@^2.3.5
684 silly packumentCache full:https://registry.npmjs.org/@jridgewell%2fremapping cache-miss
685 http cache https://registry.npmjs.org/@babel%2fparser 29ms (cache hit)
686 silly packumentCache full:https://registry.npmjs.org/@babel%2fparser set size:737961 disposed:false
687 silly fetch manifest @babel/helper-module-transforms@^7.29.7
688 silly packumentCache full:https://registry.npmjs.org/@babel%2fhelper-module-transforms cache-miss
689 http cache https://registry.npmjs.org/@babel%2ftemplate 35ms (cache hit)
690 silly packumentCache full:https://registry.npmjs.org/@babel%2ftemplate set size:237074 disposed:false
691 silly fetch manifest @babel/helper-compilation-targets@^7.29.7
692 silly packumentCache full:https://registry.npmjs.org/@babel%2fhelper-compilation-targets cache-miss
693 http cache https://registry.npmjs.org/@babel%2fhelpers 40ms (cache hit)
694 silly packumentCache full:https://registry.npmjs.org/@babel%2fhelpers set size:398496 disposed:false
695 silly fetch manifest @babel/helper-plugin-utils@^7.29.7
696 silly packumentCache full:https://registry.npmjs.org/@babel%2fhelper-plugin-utils cache-miss
697 http cache https://registry.npmjs.org/@babel%2fgenerator 35ms (cache hit)
698 silly packumentCache full:https://registry.npmjs.org/@babel%2fgenerator set size:522841 disposed:false
699 silly fetch manifest @babel/helper-plugin-utils@^7.29.7
700 silly packumentCache full:https://registry.npmjs.org/@babel%2fhelper-plugin-utils cache-miss
701 http cache https://registry.npmjs.org/convert-source-map 36ms (cache hit)
702 silly packumentCache full:https://registry.npmjs.org/convert-source-map set size:66997 disposed:false
703 silly fetch manifest @babel/types@^7.20.7
704 silly packumentCache full:https://registry.npmjs.org/@babel%2ftypes cache-hit
705 silly fetch manifest @babel/parser@^7.20.7
706 silly packumentCache full:https://registry.npmjs.org/@babel%2fparser cache-hit
707 silly fetch manifest @types/babel__template@*
708 silly packumentCache full:https://registry.npmjs.org/@types%2fbabel__template cache-miss
709 http cache https://registry.npmjs.org/@babel%2ftraverse 53ms (cache hit)
710 silly packumentCache full:https://registry.npmjs.org/@babel%2ftraverse set size:564759 disposed:false
711 silly fetch manifest @types/babel__traverse@*
712 silly packumentCache full:https://registry.npmjs.org/@types%2fbabel__traverse cache-miss
713 http cache https://registry.npmjs.org/@jridgewell%2fremapping 46ms (cache hit)
714 silly packumentCache full:https://registry.npmjs.org/@jridgewell%2fremapping set size:23809 disposed:false
715 silly fetch manifest @types/babel__generator@*
716 silly packumentCache full:https://registry.npmjs.org/@types%2fbabel__generator cache-miss
717 http cache https://registry.npmjs.org/@babel%2fhelper-compilation-targets 46ms (cache hit)
718 silly packumentCache full:https://registry.npmjs.org/@babel%2fhelper-compilation-targets set size:229541 disposed:false
719 http cache https://registry.npmjs.org/@babel%2fhelper-module-transforms 55ms (cache hit)
720 silly packumentCache full:https://registry.npmjs.org/@babel%2fhelper-module-transforms set size:346454 disposed:false
721 http cache https://registry.npmjs.org/@babel%2fhelper-plugin-utils 50ms (cache hit)
722 silly packumentCache full:https://registry.npmjs.org/@babel%2fhelper-plugin-utils set size:175564 disposed:false
723 http cache https://registry.npmjs.org/@babel%2fhelper-plugin-utils 45ms (cache hit)
724 silly packumentCache full:https://registry.npmjs.org/@babel%2fhelper-plugin-utils set size:175564 disposed:false
725 silly packumentCache full:https://registry.npmjs.org/@babel%2fhelper-plugin-utils dispose
726 http cache https://registry.npmjs.org/@types%2fbabel__generator 32ms (cache hit)
727 silly packumentCache full:https://registry.npmjs.org/@types%2fbabel__generator set size:31587 disposed:false
728 http cache https://registry.npmjs.org/@types%2fbabel__template 41ms (cache hit)
729 silly packumentCache full:https://registry.npmjs.org/@types%2fbabel__template set size:22631 disposed:false
730 http cache https://registry.npmjs.org/@types%2fbabel__traverse 37ms (cache hit)
731 silly packumentCache full:https://registry.npmjs.org/@types%2fbabel__traverse set size:107819 disposed:false
732 silly fetch manifest @babel/core@^7.0.0
733 silly packumentCache full:https://registry.npmjs.org/@babel%2fcore cache-hit
734 silly placeDep ROOT @babel/generator@7.29.8 OK for: @babel/core@7.29.7 want: ^7.29.7
735 silly placeDep ROOT @babel/helper-compilation-targets@7.29.7 OK for: @babel/core@7.29.7 want: ^7.29.7
736 silly placeDep ROOT @babel/helper-module-transforms@7.29.7 OK for: @babel/core@7.29.7 want: ^7.29.7
737 silly placeDep ROOT @babel/helpers@7.29.7 OK for: @babel/core@7.29.7 want: ^7.29.7
738 silly placeDep ROOT @babel/parser@7.29.8 OK for: @babel/core@7.29.7 want: ^7.29.7
739 silly placeDep ROOT @babel/template@7.29.7 OK for: @babel/core@7.29.7 want: ^7.29.7
740 silly placeDep ROOT @babel/traverse@7.29.8 OK for: @babel/core@7.29.7 want: ^7.29.7
741 silly placeDep ROOT @babel/types@7.29.8 OK for: @babel/core@7.29.7 want: ^7.29.7
742 silly placeDep ROOT @jridgewell/remapping@2.3.5 OK for: @babel/core@7.29.7 want: ^2.3.5
743 silly placeDep ROOT convert-source-map@2.0.0 OK for: @babel/core@7.29.7 want: ^2.0.0
744 silly placeDep ROOT debug@4.4.3 OK for: @babel/core@7.29.7 want: ^4.1.0
745 silly placeDep ROOT gensync@1.0.0-beta.2 OK for: @babel/core@7.29.7 want: ^1.0.0-beta.2
746 silly placeDep ROOT json5@2.2.3 OK for: @babel/core@7.29.7 want: ^2.2.3
747 silly placeDep ROOT semver@6.3.1 OK for: @babel/core@7.29.7 want: ^6.3.1
748 silly fetch manifest jsesc@^3.0.2
749 silly packumentCache full:https://registry.npmjs.org/jsesc cache-miss
750 silly fetch manifest @babel/types@^7.29.8
751 silly packumentCache full:https://registry.npmjs.org/@babel%2ftypes cache-hit
752 silly fetch manifest @babel/parser@^7.29.8
753 silly packumentCache full:https://registry.npmjs.org/@babel%2fparser cache-hit
754 silly fetch manifest @jridgewell/gen-mapping@^0.3.12
755 silly packumentCache full:https://registry.npmjs.org/@jridgewell%2fgen-mapping cache-miss
756 silly fetch manifest @jridgewell/trace-mapping@^0.3.28
757 silly packumentCache full:https://registry.npmjs.org/@jridgewell%2ftrace-mapping cache-miss
758 silly fetch manifest lru-cache@^5.1.1
759 silly packumentCache full:https://registry.npmjs.org/lru-cache cache-miss
760 silly fetch manifest browserslist@^4.24.0
761 silly packumentCache full:https://registry.npmjs.org/browserslist cache-hit
762 silly fetch manifest @babel/compat-data@^7.29.7
763 silly packumentCache full:https://registry.npmjs.org/@babel%2fcompat-data cache-miss
764 silly fetch manifest @babel/helper-validator-option@^7.29.7
765 silly packumentCache full:https://registry.npmjs.org/@babel%2fhelper-validator-option cache-miss
766 silly fetch manifest @babel/helper-module-imports@^7.29.7
767 silly packumentCache full:https://registry.npmjs.org/@babel%2fhelper-module-imports cache-miss
768 http cache https://registry.npmjs.org/@jridgewell%2fgen-mapping 19ms (cache hit)
769 silly packumentCache full:https://registry.npmjs.org/@jridgewell%2fgen-mapping set size:75941 disposed:false
770 silly fetch manifest debug@^4.3.1
771 silly packumentCache full:https://registry.npmjs.org/debug cache-hit
772 silly fetch manifest @babel/helper-globals@^7.29.7
773 silly packumentCache full:https://registry.npmjs.org/@babel%2fhelper-globals cache-miss
774 http cache https://registry.npmjs.org/lru-cache 23ms (cache hit)
775 silly packumentCache full:https://registry.npmjs.org/lru-cache set size:460407 disposed:false
776 silly fetch manifest @babel/helper-string-parser@^7.29.7
777 silly packumentCache full:https://registry.npmjs.org/@babel%2fhelper-string-parser cache-miss
778 http cache https://registry.npmjs.org/jsesc 31ms (cache hit)
779 silly packumentCache full:https://registry.npmjs.org/jsesc set size:61512 disposed:false
780 silly fetch manifest @jridgewell/gen-mapping@^0.3.5
781 silly packumentCache full:https://registry.npmjs.org/@jridgewell%2fgen-mapping cache-hit
782 silly fetch manifest @jridgewell/trace-mapping@^0.3.24
783 silly packumentCache full:https://registry.npmjs.org/@jridgewell%2ftrace-mapping cache-miss
784 http cache https://registry.npmjs.org/@jridgewell%2ftrace-mapping 32ms (cache hit)
785 silly packumentCache full:https://registry.npmjs.org/@jridgewell%2ftrace-mapping set size:170909 disposed:false
786 silly fetch manifest ms@^2.1.3
787 silly packumentCache full:https://registry.npmjs.org/ms cache-miss
788 http cache https://registry.npmjs.org/@babel%2fhelper-validator-option 30ms (cache hit)
789 silly packumentCache full:https://registry.npmjs.org/@babel%2fhelper-validator-option set size:101303 disposed:false
790 http cache https://registry.npmjs.org/@babel%2fhelper-module-imports 31ms (cache hit)
791 silly packumentCache full:https://registry.npmjs.org/@babel%2fhelper-module-imports set size:203392 disposed:false
792 http cache https://registry.npmjs.org/@babel%2fcompat-data 35ms (cache hit)
793 silly packumentCache full:https://registry.npmjs.org/@babel%2fcompat-data set size:318807 disposed:false
794 http cache https://registry.npmjs.org/@babel%2fhelper-globals 27ms (cache hit)
795 silly packumentCache full:https://registry.npmjs.org/@babel%2fhelper-globals set size:25155 disposed:false
796 http cache https://registry.npmjs.org/@babel%2fhelper-string-parser 22ms (cache hit)
797 silly packumentCache full:https://registry.npmjs.org/@babel%2fhelper-string-parser set size:91563 disposed:false
798 http cache https://registry.npmjs.org/@jridgewell%2ftrace-mapping 20ms (cache hit)
799 silly packumentCache full:https://registry.npmjs.org/@jridgewell%2ftrace-mapping set size:170909 disposed:false
800 silly packumentCache full:https://registry.npmjs.org/@jridgewell%2ftrace-mapping dispose
801 http fetch GET 200 https://registry.npmjs.org/ms 94ms (cache revalidated)
802 silly packumentCache full:https://registry.npmjs.org/ms set size:92208 disposed:false
803 silly placeDep ROOT @jridgewell/gen-mapping@0.3.13 OK for: @babel/generator@7.29.8 want: ^0.3.12
804 silly placeDep ROOT @jridgewell/trace-mapping@0.3.31 OK for: @babel/generator@7.29.8 want: ^0.3.28
805 silly placeDep ROOT jsesc@3.1.0 OK for: @babel/generator@7.29.8 want: ^3.0.2
806 silly fetch manifest @jridgewell/sourcemap-codec@^1.5.0
807 silly packumentCache full:https://registry.npmjs.org/@jridgewell%2fsourcemap-codec cache-miss
808 silly fetch manifest @jridgewell/resolve-uri@^3.1.0
809 silly packumentCache full:https://registry.npmjs.org/@jridgewell%2fresolve-uri cache-miss
810 silly fetch manifest @jridgewell/sourcemap-codec@^1.4.14
811 silly packumentCache full:https://registry.npmjs.org/@jridgewell%2fsourcemap-codec cache-miss
812 http cache https://registry.npmjs.org/@jridgewell%2fresolve-uri 9ms (cache hit)
813 silly packumentCache full:https://registry.npmjs.org/@jridgewell%2fresolve-uri set size:57361 disposed:false
814 http cache https://registry.npmjs.org/@jridgewell%2fsourcemap-codec 11ms (cache hit)
815 silly packumentCache full:https://registry.npmjs.org/@jridgewell%2fsourcemap-codec set size:65255 disposed:false
816 http cache https://registry.npmjs.org/@jridgewell%2fsourcemap-codec 12ms (cache hit)
817 silly packumentCache full:https://registry.npmjs.org/@jridgewell%2fsourcemap-codec set size:65255 disposed:false
818 silly packumentCache full:https://registry.npmjs.org/@jridgewell%2fsourcemap-codec dispose
819 silly placeDep ROOT @babel/compat-data@7.29.7 OK for: @babel/helper-compilation-targets@7.29.7 want: ^7.29.7
820 silly placeDep ROOT @babel/helper-validator-option@7.29.7 OK for: @babel/helper-compilation-targets@7.29.7 want: ^7.29.7
821 silly placeDep ROOT browserslist@4.28.8 OK for: @babel/helper-compilation-targets@7.29.7 want: ^4.24.0
822 silly placeDep ROOT lru-cache@5.1.1 OK for: @babel/helper-compilation-targets@7.29.7 want: ^5.1.1
823 silly fetch manifest caniuse-lite@^1.0.30001809
824 silly packumentCache full:https://registry.npmjs.org/caniuse-lite cache-miss
825 silly fetch manifest node-releases@^2.0.53
826 silly packumentCache full:https://registry.npmjs.org/node-releases cache-miss
827 silly fetch manifest electron-to-chromium@^1.5.402
828 silly packumentCache full:https://registry.npmjs.org/electron-to-chromium cache-miss
829 silly fetch manifest update-browserslist-db@^1.3.0
830 silly packumentCache full:https://registry.npmjs.org/update-browserslist-db cache-miss
831 silly fetch manifest baseline-browser-mapping@^2.11.12
832 silly packumentCache full:https://registry.npmjs.org/baseline-browser-mapping cache-miss
833 silly fetch manifest yallist@^3.0.2
834 silly packumentCache full:https://registry.npmjs.org/yallist cache-miss
835 http cache https://registry.npmjs.org/caniuse-lite 18ms (cache hit)
836 silly packumentCache full:https://registry.npmjs.org/caniuse-lite set size:2313344 disposed:false
837 http cache https://registry.npmjs.org/update-browserslist-db 30ms (cache hit)
838 silly packumentCache full:https://registry.npmjs.org/update-browserslist-db set size:68935 disposed:false
839 http cache https://registry.npmjs.org/node-releases 34ms (cache hit)
840 silly packumentCache full:https://registry.npmjs.org/node-releases set size:295994 disposed:false
841 http cache https://registry.npmjs.org/electron-to-chromium 51ms (cache hit)
842 silly packumentCache full:https://registry.npmjs.org/electron-to-chromium set size:4919285 disposed:false
843 http cache https://registry.npmjs.org/baseline-browser-mapping 100ms (cache hit)
844 silly packumentCache full:https://registry.npmjs.org/baseline-browser-mapping set size:621461 disposed:false
845 http fetch GET 200 https://registry.npmjs.org/yallist 111ms (cache revalidated)
846 silly packumentCache full:https://registry.npmjs.org/yallist set size:34610 disposed:false
847 silly placeDep ROOT @babel/helper-module-imports@7.29.7 OK for: @babel/helper-module-transforms@7.29.7 want: ^7.29.7
848 silly placeDep ROOT @babel/helper-plugin-utils@7.29.7 OK for: @babel/plugin-transform-react-jsx-self@7.29.7 want: ^7.29.7
849 silly placeDep ROOT @babel/helper-globals@7.29.7 OK for: @babel/traverse@7.29.8 want: ^7.29.7
850 silly placeDep ROOT @babel/helper-string-parser@7.29.7 OK for: @babel/types@7.29.8 want: ^7.29.7
851 silly placeDep ROOT @jridgewell/sourcemap-codec@1.6.0 OK for: @jridgewell/gen-mapping@0.3.13 want: ^1.5.0
852 silly placeDep ROOT @jridgewell/resolve-uri@3.1.2 OK for: @jridgewell/trace-mapping@0.3.31 want: ^3.1.0
853 silly placeDep ROOT @types/babel__generator@7.27.0 OK for: @types/babel__core@7.20.5 want: *
854 silly placeDep ROOT @types/babel__template@7.4.4 OK for: @types/babel__core@7.20.5 want: *
855 silly placeDep ROOT @types/babel__traverse@7.28.0 OK for: @types/babel__core@7.20.5 want: *
856 silly placeDep ROOT @vitest/utils@2.1.9 OK for: @vitest/ui@2.1.9 want: 2.1.9
857 silly placeDep ROOT fflate@0.8.3 OK for: @vitest/ui@2.1.9 want: ^0.8.2
858 silly placeDep ROOT flatted@3.4.4 OK for: @vitest/ui@2.1.9 want: ^3.3.1
859 silly placeDep ROOT pathe@1.1.2 OK for: @vitest/ui@2.1.9 want: ^1.1.2
860 silly placeDep ROOT sirv@3.0.2 OK for: @vitest/ui@2.1.9 want: ^3.0.0
861 silly placeDep ROOT tinyglobby@0.2.17 OK for: @vitest/ui@2.1.9 want: ^0.2.10
862 silly placeDep ROOT tinyrainbow@1.2.0 OK for: @vitest/ui@2.1.9 want: ^1.2.0
863 silly fetch manifest loupe@^3.1.2
864 silly packumentCache full:https://registry.npmjs.org/loupe cache-miss
865 silly fetch manifest @vitest/pretty-format@2.1.9
866 silly packumentCache full:https://registry.npmjs.org/@vitest%2fpretty-format cache-hit
867 silly fetch manifest @polka/url@^1.0.0-next.24
868 silly packumentCache full:https://registry.npmjs.org/@polka%2furl cache-miss
869 silly fetch manifest mrmime@^2.0.0
870 silly packumentCache full:https://registry.npmjs.org/mrmime cache-miss
871 silly fetch manifest totalist@^3.0.0
872 silly packumentCache full:https://registry.npmjs.org/totalist cache-miss
873 silly fetch manifest fdir@^6.5.0
874 silly packumentCache full:https://registry.npmjs.org/fdir cache-miss
875 silly fetch manifest picomatch@^4.0.4
876 silly packumentCache full:https://registry.npmjs.org/picomatch cache-miss
877 http cache https://registry.npmjs.org/loupe 17ms (cache hit)
878 silly packumentCache full:https://registry.npmjs.org/loupe set size:150836 disposed:false
879 http cache https://registry.npmjs.org/totalist 19ms (cache hit)
880 silly packumentCache full:https://registry.npmjs.org/totalist set size:22268 disposed:false
881 http cache https://registry.npmjs.org/@polka%2furl 20ms (cache hit)
882 silly packumentCache full:https://registry.npmjs.org/@polka%2furl set size:42587 disposed:false
883 http cache https://registry.npmjs.org/mrmime 22ms (cache hit)
884 silly packumentCache full:https://registry.npmjs.org/mrmime set size:17044 disposed:false
885 http cache https://registry.npmjs.org/fdir 24ms (cache hit)
886 silly packumentCache full:https://registry.npmjs.org/fdir set size:136182 disposed:false
887 http fetch GET 200 https://registry.npmjs.org/picomatch 147ms (cache revalidated)
888 silly packumentCache full:https://registry.npmjs.org/picomatch set size:134451 disposed:false
889 silly placeDep ROOT @vitest/pretty-format@2.1.9 OK for: @vitest/utils@2.1.9 want: 2.1.9
890 silly placeDep ROOT loupe@3.2.1 OK for: @vitest/utils@2.1.9 want: ^3.1.2
891 silly placeDep ROOT dequal@2.0.3 OK for: aria-query@5.3.0 want: ^2.0.3
892 silly placeDep ROOT caniuse-lite@1.0.30001810 OK for: autoprefixer@10.5.4 want: ^1.0.30001806
893 silly placeDep ROOT fraction.js@5.3.4 OK for: autoprefixer@10.5.4 want: ^5.3.4
894 silly placeDep ROOT postcss-value-parser@4.2.0 OK for: autoprefixer@10.5.4 want: ^4.2.0
895 silly fetch manifest browserslist@>= 4.21.0
896 silly packumentCache full:https://registry.npmjs.org/browserslist cache-hit
897 silly placeDep ROOT baseline-browser-mapping@2.11.20 OK for: browserslist@4.28.8 want: ^2.11.12
898 silly placeDep ROOT electron-to-chromium@1.5.416 OK for: browserslist@4.28.8 want: ^1.5.402
899 silly placeDep ROOT node-releases@2.0.54 OK for: browserslist@4.28.8 want: ^2.0.53
900 silly placeDep ROOT update-browserslist-db@1.3.2 OK for: browserslist@4.28.8 want: ^1.3.0
901 silly fetch manifest escalade@^3.2.0
902 silly packumentCache full:https://registry.npmjs.org/escalade cache-miss
903 http fetch GET 200 https://registry.npmjs.org/escalade 93ms (cache revalidated)
904 silly packumentCache full:https://registry.npmjs.org/escalade set size:33724 disposed:false
905 silly placeDep ROOT ms@2.1.3 OK for: debug@4.4.3 want: ^2.1.3
906 silly fetch manifest bufferutil@^4.0.1
907 silly packumentCache full:https://registry.npmjs.org/bufferutil cache-miss
908 http fetch GET 200 https://registry.npmjs.org/bufferutil 78ms (cache revalidated)
909 silly packumentCache full:https://registry.npmjs.org/bufferutil set size:52668 disposed:false
910 silly fetch manifest utf-8-validate@>=5.0.2
911 silly packumentCache full:https://registry.npmjs.org/utf-8-validate cache-miss
912 http fetch GET 200 https://registry.npmjs.org/utf-8-validate 86ms (cache revalidated)
913 silly packumentCache full:https://registry.npmjs.org/utf-8-validate set size:77012 disposed:false
914 silly placeDep ROOT cssstyle@4.6.0 OK for: jsdom@25.0.1 want: ^4.1.0
915 silly placeDep ROOT data-urls@5.0.0 OK for: jsdom@25.0.1 want: ^5.0.0
916 silly placeDep ROOT decimal.js@10.6.0 OK for: jsdom@25.0.1 want: ^10.4.3
917 silly placeDep ROOT form-data@4.0.6 OK for: jsdom@25.0.1 want: ^4.0.0
918 silly placeDep ROOT html-encoding-sniffer@4.0.0 OK for: jsdom@25.0.1 want: ^4.0.0
919 silly placeDep ROOT http-proxy-agent@7.0.2 OK for: jsdom@25.0.1 want: ^7.0.2
920 silly placeDep ROOT https-proxy-agent@7.0.6 OK for: jsdom@25.0.1 want: ^7.0.5
921 silly placeDep ROOT is-potential-custom-element-name@1.0.1 OK for: jsdom@25.0.1 want: ^1.0.1
922 silly placeDep ROOT nwsapi@2.2.26 OK for: jsdom@25.0.1 want: ^2.2.12
923 silly placeDep ROOT parse5@7.3.0 OK for: jsdom@25.0.1 want: ^7.1.2
924 silly placeDep ROOT rrweb-cssom@0.7.1 OK for: jsdom@25.0.1 want: ^0.7.1
925 silly placeDep ROOT saxes@6.0.0 OK for: jsdom@25.0.1 want: ^6.0.0
926 silly placeDep ROOT symbol-tree@3.2.4 OK for: jsdom@25.0.1 want: ^3.2.4
927 silly placeDep ROOT tough-cookie@5.1.2 OK for: jsdom@25.0.1 want: ^5.0.0
928 silly placeDep ROOT w3c-xmlserializer@5.0.0 OK for: jsdom@25.0.1 want: ^5.0.0
929 silly placeDep ROOT webidl-conversions@7.0.0 OK for: jsdom@25.0.1 want: ^7.0.0
930 silly placeDep ROOT whatwg-encoding@3.1.1 OK for: jsdom@25.0.1 want: ^3.1.1
931 silly placeDep ROOT whatwg-mimetype@4.0.0 OK for: jsdom@25.0.1 want: ^4.0.0
932 silly placeDep ROOT whatwg-url@14.2.0 OK for: jsdom@25.0.1 want: ^14.0.0
933 silly placeDep ROOT ws@8.21.3 OK for: jsdom@25.0.1 want: ^8.18.0
934 silly placeDep ROOT xml-name-validator@5.0.0 OK for: jsdom@25.0.1 want: ^5.0.0
935 silly fetch manifest rrweb-cssom@^0.8.0
936 silly packumentCache full:https://registry.npmjs.org/rrweb-cssom cache-hit
937 silly fetch manifest @asamuzakjp/css-color@^3.2.0
938 silly packumentCache full:https://registry.npmjs.org/@asamuzakjp%2fcss-color cache-miss
939 silly fetch manifest hasown@^2.0.4
940 silly packumentCache full:https://registry.npmjs.org/hasown cache-miss
941 silly fetch manifest asynckit@^0.4.0
942 silly packumentCache full:https://registry.npmjs.org/asynckit cache-miss
943 silly fetch manifest mime-types@^2.1.35
944 silly packumentCache full:https://registry.npmjs.org/mime-types cache-miss
945 silly fetch manifest combined-stream@^1.0.8
946 silly packumentCache full:https://registry.npmjs.org/combined-stream cache-miss
947 silly fetch manifest es-set-tostringtag@^2.1.0
948 silly packumentCache full:https://registry.npmjs.org/es-set-tostringtag cache-miss
949 silly fetch manifest agent-base@^7.1.0
950 silly packumentCache full:https://registry.npmjs.org/agent-base cache-miss
951 http cache https://registry.npmjs.org/@asamuzakjp%2fcss-color 22ms (cache hit)
952 silly packumentCache full:https://registry.npmjs.org/@asamuzakjp%2fcss-color set size:220887 disposed:false
953 silly fetch manifest agent-base@^7.1.2
954 silly packumentCache full:https://registry.npmjs.org/agent-base cache-miss
955 http fetch GET 200 https://registry.npmjs.org/mime-types 90ms (cache revalidated)
956 silly packumentCache full:https://registry.npmjs.org/mime-types set size:139110 disposed:false
957 silly fetch manifest entities@^6.0.0
958 silly packumentCache full:https://registry.npmjs.org/entities cache-miss
959 http fetch GET 200 https://registry.npmjs.org/combined-stream 97ms (cache revalidated)
960 silly packumentCache full:https://registry.npmjs.org/combined-stream set size:40337 disposed:false
961 silly fetch manifest xmlchars@^2.2.0
962 silly packumentCache full:https://registry.npmjs.org/xmlchars cache-miss
963 http cache https://registry.npmjs.org/entities 9ms (cache hit)
964 silly packumentCache full:https://registry.npmjs.org/entities set size:101550 disposed:false
965 silly fetch manifest tldts@^6.1.32
966 silly packumentCache full:https://registry.npmjs.org/tldts cache-miss
967 http fetch GET 200 https://registry.npmjs.org/asynckit 110ms (cache revalidated)
968 silly packumentCache full:https://registry.npmjs.org/asynckit set size:18932 disposed:false
969 silly fetch manifest iconv-lite@0.6.3
970 silly packumentCache full:https://registry.npmjs.org/iconv-lite cache-miss
971 http cache https://registry.npmjs.org/xmlchars 15ms (cache hit)
972 silly packumentCache full:https://registry.npmjs.org/xmlchars set size:33578 disposed:false
973 silly fetch manifest tr46@^5.1.0
974 silly packumentCache full:https://registry.npmjs.org/tr46 cache-miss
975 http fetch GET 200 https://registry.npmjs.org/agent-base 113ms (cache revalidated)
976 silly packumentCache full:https://registry.npmjs.org/agent-base set size:72085 disposed:false
977 http cache https://registry.npmjs.org/tldts 22ms (cache hit)
978 silly packumentCache full:https://registry.npmjs.org/tldts set size:3477716 disposed:false
979 http fetch GET 200 https://registry.npmjs.org/hasown 159ms (cache revalidated)
980 silly packumentCache full:https://registry.npmjs.org/hasown set size:18361 disposed:false
981 http fetch GET 200 https://registry.npmjs.org/es-set-tostringtag 157ms (cache revalidated)
982 silly packumentCache full:https://registry.npmjs.org/es-set-tostringtag set size:22094 disposed:false
983 http cache https://registry.npmjs.org/tr46 49ms (cache hit)
984 silly packumentCache full:https://registry.npmjs.org/tr46 set size:47377 disposed:false
985 http fetch GET 200 https://registry.npmjs.org/iconv-lite 129ms (cache revalidated)
986 silly packumentCache full:https://registry.npmjs.org/iconv-lite set size:126462 disposed:false
987 http fetch GET 200 https://registry.npmjs.org/agent-base 318ms (cache revalidated)
988 silly packumentCache full:https://registry.npmjs.org/agent-base set size:72085 disposed:false
989 silly packumentCache full:https://registry.npmjs.org/agent-base dispose
990 silly placeDep ROOT @asamuzakjp/css-color@3.2.0 OK for: cssstyle@4.6.0 want: ^3.2.0
991 silly placeDep node_modules/cssstyle rrweb-cssom@0.8.0 OK for: cssstyle@4.6.0 want: ^0.8.0
992 silly fetch manifest lru-cache@^10.4.3
993 silly packumentCache full:https://registry.npmjs.org/lru-cache cache-hit
994 silly fetch manifest @csstools/css-calc@^2.1.3
995 silly packumentCache full:https://registry.npmjs.org/@csstools%2fcss-calc cache-miss
996 silly fetch manifest @csstools/css-tokenizer@^3.0.3
997 silly packumentCache full:https://registry.npmjs.org/@csstools%2fcss-tokenizer cache-miss
998 silly fetch manifest @csstools/css-color-parser@^3.0.9
999 silly packumentCache full:https://registry.npmjs.org/@csstools%2fcss-color-parser cache-miss
1000 silly fetch manifest @csstools/css-parser-algorithms@^3.0.4
1001 silly packumentCache full:https://registry.npmjs.org/@csstools%2fcss-parser-algorithms cache-miss
1002 http cache https://registry.npmjs.org/@csstools%2fcss-color-parser 12ms (cache hit)
1003 silly packumentCache full:https://registry.npmjs.org/@csstools%2fcss-color-parser set size:131897 disposed:false
1004 http cache https://registry.npmjs.org/@csstools%2fcss-tokenizer 14ms (cache hit)
1005 silly packumentCache full:https://registry.npmjs.org/@csstools%2fcss-tokenizer set size:61164 disposed:false
1006 http cache https://registry.npmjs.org/@csstools%2fcss-calc 16ms (cache hit)
1007 silly packumentCache full:https://registry.npmjs.org/@csstools%2fcss-calc set size:78369 disposed:false
1008 http cache https://registry.npmjs.org/@csstools%2fcss-parser-algorithms 18ms (cache hit)
1009 silly packumentCache full:https://registry.npmjs.org/@csstools%2fcss-parser-algorithms set size:66140 disposed:false
1010 silly placeDep ROOT @csstools/css-calc@2.1.4 OK for: @asamuzakjp/css-color@3.2.0 want: ^2.1.3
1011 silly placeDep ROOT @csstools/css-tokenizer@3.0.4 OK for: @csstools/css-calc@2.1.4 want: ^3.0.4
1012 silly placeDep ROOT @csstools/css-parser-algorithms@3.0.5 OK for: @csstools/css-calc@2.1.4 want: ^3.0.5
1013 silly placeDep ROOT @csstools/css-color-parser@3.1.0 OK for: @asamuzakjp/css-color@3.2.0 want: ^3.0.9
1014 silly placeDep node_modules/@asamuzakjp/css-color lru-cache@10.4.3 OK for: @asamuzakjp/css-color@3.2.0 want: ^10.4.3
1015 silly fetch manifest @csstools/color-helpers@^5.1.0
1016 silly packumentCache full:https://registry.npmjs.org/@csstools%2fcolor-helpers cache-miss
1017 http cache https://registry.npmjs.org/@csstools%2fcolor-helpers 7ms (cache hit)
1018 silly packumentCache full:https://registry.npmjs.org/@csstools%2fcolor-helpers set size:47131 disposed:false
1019 silly placeDep ROOT @csstools/color-helpers@5.1.0 OK for: @csstools/css-color-parser@3.1.0 want: ^5.1.0
1020 silly placeDep ROOT asynckit@0.4.0 OK for: form-data@4.0.6 want: ^0.4.0
1021 silly placeDep ROOT combined-stream@1.0.8 OK for: form-data@4.0.6 want: ^1.0.8
1022 silly placeDep ROOT es-set-tostringtag@2.1.0 OK for: form-data@4.0.6 want: ^2.1.0
1023 silly placeDep ROOT hasown@2.0.4 OK for: form-data@4.0.6 want: ^2.0.4
1024 silly placeDep ROOT mime-types@2.1.35 OK for: form-data@4.0.6 want: ^2.1.35
1025 silly fetch manifest delayed-stream@~1.0.0
1026 silly packumentCache full:https://registry.npmjs.org/delayed-stream cache-miss
1027 silly fetch manifest es-errors@^1.3.0
1028 silly packumentCache full:https://registry.npmjs.org/es-errors cache-miss
1029 silly fetch manifest get-intrinsic@^1.2.6
1030 silly packumentCache full:https://registry.npmjs.org/get-intrinsic cache-miss
1031 silly fetch manifest has-tostringtag@^1.0.2
1032 silly packumentCache full:https://registry.npmjs.org/has-tostringtag cache-miss
1033 silly fetch manifest hasown@^2.0.2
1034 silly packumentCache full:https://registry.npmjs.org/hasown cache-hit
1035 silly fetch manifest function-bind@^1.1.2
1036 silly packumentCache full:https://registry.npmjs.org/function-bind cache-miss
1037 silly fetch manifest mime-db@1.52.0
1038 silly packumentCache full:https://registry.npmjs.org/mime-db cache-miss
1039 http fetch GET 200 https://registry.npmjs.org/has-tostringtag 106ms (cache revalidated)
1040 silly packumentCache full:https://registry.npmjs.org/has-tostringtag set size:13945 disposed:false
1041 http fetch GET 200 https://registry.npmjs.org/delayed-stream 109ms (cache revalidated)
1042 silly packumentCache full:https://registry.npmjs.org/delayed-stream set size:15820 disposed:false
1043 http fetch GET 200 https://registry.npmjs.org/mime-db 108ms (cache revalidated)
1044 silly packumentCache full:https://registry.npmjs.org/mime-db set size:164953 disposed:false
1045 http fetch GET 200 https://registry.npmjs.org/function-bind 111ms (cache revalidated)
1046 silly packumentCache full:https://registry.npmjs.org/function-bind set size:15733 disposed:false
1047 http fetch GET 200 https://registry.npmjs.org/es-errors 115ms (cache revalidated)
1048 silly packumentCache full:https://registry.npmjs.org/es-errors set size:16918 disposed:false
1049 http fetch GET 200 https://registry.npmjs.org/get-intrinsic 329ms (cache revalidated)
1050 silly packumentCache full:https://registry.npmjs.org/get-intrinsic set size:60985 disposed:false
1051 silly placeDep ROOT delayed-stream@1.0.0 OK for: combined-stream@1.0.8 want: ~1.0.0
1052 silly placeDep ROOT es-errors@1.3.0 OK for: es-set-tostringtag@2.1.0 want: ^1.3.0
1053 silly placeDep ROOT get-intrinsic@1.3.0 OK for: es-set-tostringtag@2.1.0 want: ^1.2.6
1054 silly placeDep ROOT has-tostringtag@1.0.2 OK for: es-set-tostringtag@2.1.0 want: ^1.0.2
1055 silly fetch manifest gopd@^1.2.0
1056 silly packumentCache full:https://registry.npmjs.org/gopd cache-miss
1057 silly fetch manifest get-proto@^1.0.1
1058 silly packumentCache full:https://registry.npmjs.org/get-proto cache-miss
1059 silly fetch manifest has-symbols@^1.1.0
1060 silly packumentCache full:https://registry.npmjs.org/has-symbols cache-miss
1061 silly fetch manifest es-object-atoms@^1.1.1
1062 silly packumentCache full:https://registry.npmjs.org/es-object-atoms cache-miss
1063 silly fetch manifest math-intrinsics@^1.1.0
1064 silly packumentCache full:https://registry.npmjs.org/math-intrinsics cache-miss
1065 silly fetch manifest es-define-property@^1.0.1
1066 silly packumentCache full:https://registry.npmjs.org/es-define-property cache-miss
1067 silly fetch manifest call-bind-apply-helpers@^1.0.2
1068 silly packumentCache full:https://registry.npmjs.org/call-bind-apply-helpers cache-miss
1069 http fetch GET 200 https://registry.npmjs.org/get-proto 88ms (cache revalidated)
1070 silly packumentCache full:https://registry.npmjs.org/get-proto set size:8300 disposed:false
1071 silly fetch manifest has-symbols@^1.0.3
1072 silly packumentCache full:https://registry.npmjs.org/has-symbols cache-miss
1073 http fetch GET 200 https://registry.npmjs.org/es-object-atoms 115ms (cache revalidated)
1074 silly packumentCache full:https://registry.npmjs.org/es-object-atoms set size:18278 disposed:false
1075 http fetch GET 200 https://registry.npmjs.org/math-intrinsics 116ms (cache revalidated)
1076 silly packumentCache full:https://registry.npmjs.org/math-intrinsics set size:9265 disposed:false
1077 http fetch GET 200 https://registry.npmjs.org/gopd 118ms (cache revalidated)
1078 silly packumentCache full:https://registry.npmjs.org/gopd set size:11483 disposed:false
1079 http fetch GET 200 https://registry.npmjs.org/call-bind-apply-helpers 118ms (cache revalidated)
1080 silly packumentCache full:https://registry.npmjs.org/call-bind-apply-helpers set size:12744 disposed:false
1081 http fetch GET 200 https://registry.npmjs.org/es-define-property 120ms (cache revalidated)
1082 silly packumentCache full:https://registry.npmjs.org/es-define-property set size:8542 disposed:false
1083 http fetch GET 200 https://registry.npmjs.org/has-symbols 126ms (cache revalidated)
1084 silly packumentCache full:https://registry.npmjs.org/has-symbols set size:21550 disposed:false
1085 http fetch GET 200 https://registry.npmjs.org/has-symbols 79ms (cache revalidated)
1086 silly packumentCache full:https://registry.npmjs.org/has-symbols set size:21550 disposed:false
1087 silly packumentCache full:https://registry.npmjs.org/has-symbols dispose
1088 silly placeDep ROOT call-bind-apply-helpers@1.0.2 OK for: get-intrinsic@1.3.0 want: ^1.0.2
1089 silly placeDep ROOT es-define-property@1.0.1 OK for: get-intrinsic@1.3.0 want: ^1.0.1
1090 silly placeDep ROOT es-object-atoms@1.1.2 OK for: get-intrinsic@1.3.0 want: ^1.1.1
1091 silly placeDep ROOT function-bind@1.1.2 OK for: get-intrinsic@1.3.0 want: ^1.1.2
1092 silly placeDep ROOT get-proto@1.0.1 OK for: get-intrinsic@1.3.0 want: ^1.0.1
1093 silly placeDep ROOT gopd@1.2.0 OK for: get-intrinsic@1.3.0 want: ^1.2.0
1094 silly placeDep ROOT has-symbols@1.1.0 OK for: get-intrinsic@1.3.0 want: ^1.1.0
1095 silly placeDep ROOT math-intrinsics@1.1.0 OK for: get-intrinsic@1.3.0 want: ^1.1.0
1096 silly fetch manifest dunder-proto@^1.0.1
1097 silly packumentCache full:https://registry.npmjs.org/dunder-proto cache-miss
1098 http fetch GET 200 https://registry.npmjs.org/dunder-proto 87ms (cache revalidated)
1099 silly packumentCache full:https://registry.npmjs.org/dunder-proto set size:8256 disposed:false
1100 silly placeDep ROOT dunder-proto@1.0.1 OK for: get-proto@1.0.1 want: ^1.0.1
1101 silly placeDep ROOT agent-base@7.1.4 OK for: http-proxy-agent@7.0.2 want: ^7.1.0
1102 silly placeDep ROOT yallist@3.1.1 OK for: lru-cache@5.1.1 want: ^3.0.2
1103 silly placeDep ROOT mime-db@1.52.0 OK for: mime-types@2.1.35 want: 1.52.0
1104 silly placeDep ROOT entities@6.0.1 OK for: parse5@7.3.0 want: ^6.0.0
1105 silly placeDep ROOT nanoid@3.3.18 OK for: postcss@8.5.26 want: ^3.3.17
1106 silly placeDep ROOT source-map-js@1.2.1 OK for: postcss@8.5.26 want: ^1.2.1
1107 silly placeDep ROOT ansi-regex@5.0.1 OK for: pretty-format@27.5.1 want: ^5.0.1
1108 silly placeDep ROOT ansi-styles@5.2.0 OK for: pretty-format@27.5.1 want: ^5.0.0
1109 silly placeDep ROOT react-is@17.0.2 OK for: pretty-format@27.5.1 want: ^17.0.1
1110 silly placeDep ROOT loose-envify@1.4.0 OK for: react@18.3.1 want: ^1.1.0
1111 silly placeDep ROOT scheduler@0.23.2 OK for: react-dom@18.3.1 want: ^0.23.2
1112 silly fetch manifest react@>=16.8
1113 silly packumentCache full:https://registry.npmjs.org/react cache-miss
1114 http cache https://registry.npmjs.org/react 28ms (cache hit)
1115 silly packumentCache full:https://registry.npmjs.org/react set size:6926968 disposed:false
1116 silly placeDep ROOT @remix-run/router@1.23.4 OK for: react-router-dom@6.30.6 want: 1.23.4
1117 silly placeDep ROOT react-router@6.30.6 OK for: react-router-dom@6.30.6 want: 6.30.6
1118 silly placeDep ROOT indent-string@4.0.0 OK for: redent@3.0.0 want: ^4.0.0
1119 silly placeDep ROOT strip-indent@3.0.0 OK for: redent@3.0.0 want: ^3.0.0
1120 silly fetch manifest min-indent@^1.0.0
1121 silly packumentCache full:https://registry.npmjs.org/min-indent cache-miss
1122 http cache https://registry.npmjs.org/min-indent 7ms (cache hit)
1123 silly packumentCache full:https://registry.npmjs.org/min-indent set size:6021 disposed:false
1124 silly placeDep ROOT xmlchars@2.2.0 OK for: saxes@6.0.0 want: ^2.2.0
1125 silly placeDep ROOT @polka/url@1.0.0-next.29 OK for: sirv@3.0.2 want: ^1.0.0-next.24
1126 silly placeDep ROOT mrmime@2.0.1 OK for: sirv@3.0.2 want: ^2.0.0
1127 silly placeDep ROOT totalist@3.0.1 OK for: sirv@3.0.2 want: ^3.0.0
1128 silly placeDep ROOT min-indent@1.0.1 OK for: strip-indent@3.0.0 want: ^1.0.0
1129 silly fetch manifest tsx@^4.8.1
1130 silly packumentCache full:https://registry.npmjs.org/tsx cache-miss
1131 http cache https://registry.npmjs.org/tsx 6ms (cache hit)
1132 silly packumentCache full:https://registry.npmjs.org/tsx set size:341667 disposed:false
1133 silly fetch manifest yaml@^2.4.2
1134 silly packumentCache full:https://registry.npmjs.org/yaml cache-miss
1135 http fetch GET 200 https://registry.npmjs.org/yaml 91ms (cache revalidated)
1136 silly packumentCache full:https://registry.npmjs.org/yaml set size:385754 disposed:false
1137 silly placeDep ROOT @alloc/quick-lru@5.2.0 OK for: tailwindcss@3.4.19 want: ^5.2.0
1138 silly placeDep ROOT arg@5.0.2 OK for: tailwindcss@3.4.19 want: ^5.0.2
1139 silly placeDep ROOT chokidar@3.6.0 OK for: tailwindcss@3.4.19 want: ^3.6.0
1140 silly placeDep ROOT didyoumean@1.2.2 OK for: tailwindcss@3.4.19 want: ^1.2.2
1141 silly placeDep ROOT dlv@1.1.3 OK for: tailwindcss@3.4.19 want: ^1.1.3
1142 silly placeDep ROOT fast-glob@3.3.3 OK for: tailwindcss@3.4.19 want: ^3.3.2
1143 silly placeDep ROOT glob-parent@6.0.2 OK for: tailwindcss@3.4.19 want: ^6.0.2
1144 silly placeDep ROOT is-glob@4.0.3 OK for: tailwindcss@3.4.19 want: ^4.0.3
1145 silly placeDep ROOT jiti@1.21.7 OK for: tailwindcss@3.4.19 want: ^1.21.7
1146 silly placeDep ROOT lilconfig@3.1.3 OK for: tailwindcss@3.4.19 want: ^3.1.3
1147 silly placeDep ROOT micromatch@4.0.8 OK for: tailwindcss@3.4.19 want: ^4.0.8
1148 silly placeDep ROOT normalize-path@3.0.0 OK for: tailwindcss@3.4.19 want: ^3.0.0
1149 silly placeDep ROOT object-hash@3.0.0 OK for: tailwindcss@3.4.19 want: ^3.0.0
1150 silly placeDep ROOT postcss-import@15.1.0 OK for: tailwindcss@3.4.19 want: ^15.1.0
1151 silly placeDep ROOT postcss-js@4.1.0 OK for: tailwindcss@3.4.19 want: ^4.0.1
1152 silly placeDep ROOT postcss-load-config@6.0.1 OK for: tailwindcss@3.4.19 want: ^4.0.2 || ^5.0 || ^6.0
1153 silly placeDep ROOT postcss-nested@6.2.0 OK for: tailwindcss@3.4.19 want: ^6.2.0
1154 silly placeDep ROOT postcss-selector-parser@6.1.4 OK for: tailwindcss@3.4.19 want: ^6.1.2
1155 silly placeDep ROOT resolve@1.22.12 OK for: tailwindcss@3.4.19 want: ^1.22.8
1156 silly placeDep ROOT sucrase@3.35.1 OK for: tailwindcss@3.4.19 want: ^3.35.0
1157 silly fetch manifest braces@~3.0.2
1158 silly packumentCache full:https://registry.npmjs.org/braces cache-miss
1159 silly fetch manifest is-glob@~4.0.1
1160 silly packumentCache full:https://registry.npmjs.org/is-glob cache-hit
1161 silly fetch manifest anymatch@~3.1.2
1162 silly packumentCache full:https://registry.npmjs.org/anymatch cache-miss
1163 silly fetch manifest readdirp@~3.6.0
1164 silly packumentCache full:https://registry.npmjs.org/readdirp cache-miss
1165 silly fetch manifest glob-parent@~5.1.2
1166 silly packumentCache full:https://registry.npmjs.org/glob-parent cache-hit
1167 silly fetch manifest is-binary-path@~2.1.0
1168 silly packumentCache full:https://registry.npmjs.org/is-binary-path cache-miss
1169 silly fetch manifest normalize-path@~3.0.0
1170 silly packumentCache full:https://registry.npmjs.org/normalize-path cache-hit
1171 silly fetch manifest fsevents@~2.3.2
1172 silly packumentCache full:https://registry.npmjs.org/fsevents cache-hit
1173 silly fetch manifest @nodelib/fs.stat@^2.0.2
1174 silly packumentCache full:https://registry.npmjs.org/@nodelib%2ffs.stat cache-miss
1175 silly fetch manifest @nodelib/fs.walk@^1.2.3
1176 silly packumentCache full:https://registry.npmjs.org/@nodelib%2ffs.walk cache-miss
1177 silly fetch manifest glob-parent@^5.1.2
1178 silly packumentCache full:https://registry.npmjs.org/glob-parent cache-hit
1179 silly fetch manifest merge2@^1.3.0
1180 silly packumentCache full:https://registry.npmjs.org/merge2 cache-miss
1181 http cache https://registry.npmjs.org/anymatch 21ms (cache hit)
1182 silly packumentCache full:https://registry.npmjs.org/anymatch set size:42974 disposed:false
1183 silly fetch manifest is-extglob@^2.1.1
1184 silly packumentCache full:https://registry.npmjs.org/is-extglob cache-miss
1185 http cache https://registry.npmjs.org/readdirp 28ms (cache hit)
1186 silly packumentCache full:https://registry.npmjs.org/readdirp set size:110119 disposed:false
1187 silly fetch manifest braces@^3.0.3
1188 silly packumentCache full:https://registry.npmjs.org/braces cache-miss
1189 http cache https://registry.npmjs.org/is-binary-path 32ms (cache hit)
1190 silly packumentCache full:https://registry.npmjs.org/is-binary-path set size:13475 disposed:false
1191 silly fetch manifest picomatch@^2.3.1
1192 silly packumentCache full:https://registry.npmjs.org/picomatch cache-hit
1193 silly fetch manifest resolve@^1.1.7
1194 silly packumentCache full:https://registry.npmjs.org/resolve cache-hit
1195 silly fetch manifest read-cache@^1.0.0
1196 silly packumentCache full:https://registry.npmjs.org/read-cache cache-miss
1197 http cache https://registry.npmjs.org/read-cache 27ms (cache hit)
1198 silly packumentCache full:https://registry.npmjs.org/read-cache set size:6739 disposed:false
1199 silly fetch manifest camelcase-css@^2.0.1
1200 silly packumentCache full:https://registry.npmjs.org/camelcase-css cache-miss
1201 http cache https://registry.npmjs.org/camelcase-css 11ms (cache hit)
1202 silly packumentCache full:https://registry.npmjs.org/camelcase-css set size:9392 disposed:false
1203 silly fetch manifest postcss-selector-parser@^6.1.1
1204 silly packumentCache full:https://registry.npmjs.org/postcss-selector-parser cache-hit
1205 silly fetch manifest cssesc@^3.0.0
1206 silly packumentCache full:https://registry.npmjs.org/cssesc cache-miss
1207 http cache https://registry.npmjs.org/cssesc 6ms (cache hit)
1208 silly packumentCache full:https://registry.npmjs.org/cssesc set size:18815 disposed:false
1209 silly fetch manifest util-deprecate@^1.0.2
1210 silly packumentCache full:https://registry.npmjs.org/util-deprecate cache-miss
1211 http fetch GET 200 https://registry.npmjs.org/braces 97ms (cache revalidated)
1212 silly packumentCache full:https://registry.npmjs.org/braces set size:114529 disposed:false
1213 silly fetch manifest path-parse@^1.0.7
1214 silly packumentCache full:https://registry.npmjs.org/path-parse cache-miss
1215 http cache https://registry.npmjs.org/path-parse 7ms (cache hit)
1216 silly packumentCache full:https://registry.npmjs.org/path-parse set size:14523 disposed:false
1217 silly fetch manifest is-core-module@^2.16.1
1218 silly packumentCache full:https://registry.npmjs.org/is-core-module cache-miss
1219 http cache https://registry.npmjs.org/is-core-module 5ms (cache hit)
1220 silly packumentCache full:https://registry.npmjs.org/is-core-module set size:74378 disposed:false
1221 silly fetch manifest supports-preserve-symlinks-flag@^1.0.0
1222 silly packumentCache full:https://registry.npmjs.org/supports-preserve-symlinks-flag cache-miss
1223 http cache https://registry.npmjs.org/supports-preserve-symlinks-flag 6ms (cache hit)
1224 silly packumentCache full:https://registry.npmjs.org/supports-preserve-symlinks-flag set size:6802 disposed:false
1225 silly fetch manifest commander@^4.0.0
1226 silly packumentCache full:https://registry.npmjs.org/commander cache-miss
1227 http fetch GET 200 https://registry.npmjs.org/merge2 114ms (cache revalidated)
1228 silly packumentCache full:https://registry.npmjs.org/merge2 set size:46159 disposed:false
1229 silly fetch manifest lines-and-columns@^1.1.6
1230 silly packumentCache full:https://registry.npmjs.org/lines-and-columns cache-miss
1231 http fetch GET 200 https://registry.npmjs.org/@nodelib%2ffs.walk 120ms (cache revalidated)
1232 silly packumentCache full:https://registry.npmjs.org/@nodelib%2ffs.walk set size:41589 disposed:false
1233 silly fetch manifest mz@^2.7.0
1234 silly packumentCache full:https://registry.npmjs.org/mz cache-miss
1235 http cache https://registry.npmjs.org/lines-and-columns 10ms (cache hit)
1236 silly packumentCache full:https://registry.npmjs.org/lines-and-columns set size:73796 disposed:false
1237 silly fetch manifest pirates@^4.0.1
1238 silly packumentCache full:https://registry.npmjs.org/pirates cache-miss
1239 http cache https://registry.npmjs.org/mz 11ms (cache hit)
1240 silly packumentCache full:https://registry.npmjs.org/mz set size:42731 disposed:false
1241 silly fetch manifest ts-interface-checker@^0.1.9
1242 silly packumentCache full:https://registry.npmjs.org/ts-interface-checker cache-miss
1243 http fetch GET 200 https://registry.npmjs.org/braces 113ms (cache revalidated)
1244 silly packumentCache full:https://registry.npmjs.org/braces set size:114529 disposed:false
1245 silly packumentCache full:https://registry.npmjs.org/braces dispose
1246 http cache https://registry.npmjs.org/pirates 11ms (cache hit)
1247 silly packumentCache full:https://registry.npmjs.org/pirates set size:51327 disposed:false
1248 http cache https://registry.npmjs.org/ts-interface-checker 10ms (cache hit)
1249 silly packumentCache full:https://registry.npmjs.org/ts-interface-checker set size:58946 disposed:false
1250 http fetch GET 200 https://registry.npmjs.org/is-extglob 150ms (cache revalidated)
1251 silly packumentCache full:https://registry.npmjs.org/is-extglob set size:11766 disposed:false
1252 http fetch GET 200 https://registry.npmjs.org/util-deprecate 123ms (cache revalidated)
1253 silly packumentCache full:https://registry.npmjs.org/util-deprecate set size:6674 disposed:false
1254 http fetch GET 200 https://registry.npmjs.org/@nodelib%2ffs.stat 380ms (cache revalidated)
1255 silly packumentCache full:https://registry.npmjs.org/@nodelib%2ffs.stat set size:36993 disposed:false
1256 http fetch GET 200 https://registry.npmjs.org/commander 375ms (cache revalidated)
1257 silly packumentCache full:https://registry.npmjs.org/commander set size:353115 disposed:false
1258 silly placeDep ROOT anymatch@3.1.3 OK for: chokidar@3.6.0 want: ~3.1.2
1259 silly placeDep ROOT braces@3.0.3 OK for: chokidar@3.6.0 want: ~3.0.2
1260 silly placeDep ROOT fsevents@2.3.3 OK for: chokidar@3.6.0 want: ~2.3.2
1261 silly placeDep node_modules/chokidar glob-parent@5.1.2 OK for: chokidar@3.6.0 want: ~5.1.2
1262 silly placeDep ROOT is-binary-path@2.1.0 OK for: chokidar@3.6.0 want: ~2.1.0
1263 silly placeDep ROOT readdirp@3.6.0 OK for: chokidar@3.6.0 want: ~3.6.0
1264 silly fetch manifest picomatch@^2.0.4
1265 silly packumentCache full:https://registry.npmjs.org/picomatch cache-hit
1266 silly fetch manifest fill-range@^7.1.1
1267 silly packumentCache full:https://registry.npmjs.org/fill-range cache-miss
1268 silly fetch manifest binary-extensions@^2.0.0
1269 silly packumentCache full:https://registry.npmjs.org/binary-extensions cache-miss
1270 silly fetch manifest picomatch@^2.2.1
1271 silly packumentCache full:https://registry.npmjs.org/picomatch cache-hit
1272 http cache https://registry.npmjs.org/binary-extensions 10ms (cache hit)
1273 silly packumentCache full:https://registry.npmjs.org/binary-extensions set size:51551 disposed:false
1274 http fetch GET 200 https://registry.npmjs.org/fill-range 102ms (cache revalidated)
1275 silly packumentCache full:https://registry.npmjs.org/fill-range set size:90162 disposed:false
1276 silly placeDep ROOT picomatch@2.3.2 OK for: anymatch@3.1.3 want: ^2.0.4
1277 silly placeDep ROOT fill-range@7.1.1 OK for: braces@3.0.3 want: ^7.1.1
1278 silly fetch manifest to-regex-range@^5.0.1
1279 silly packumentCache full:https://registry.npmjs.org/to-regex-range cache-miss
1280 http fetch GET 200 https://registry.npmjs.org/to-regex-range 83ms (cache revalidated)
1281 silly packumentCache full:https://registry.npmjs.org/to-regex-range set size:61569 disposed:false
1282 silly placeDep ROOT @nodelib/fs.stat@2.0.5 OK for: fast-glob@3.3.3 want: ^2.0.2
1283 silly placeDep ROOT @nodelib/fs.walk@1.2.8 OK for: fast-glob@3.3.3 want: ^1.2.3
1284 silly placeDep node_modules/fast-glob glob-parent@5.1.2 OK for: fast-glob@3.3.3 want: ^5.1.2
1285 silly placeDep ROOT merge2@1.4.1 OK for: fast-glob@3.3.3 want: ^1.3.0
1286 silly fetch manifest fastq@^1.6.0
1287 silly packumentCache full:https://registry.npmjs.org/fastq cache-miss
1288 silly fetch manifest @nodelib/fs.scandir@2.1.5
1289 silly packumentCache full:https://registry.npmjs.org/@nodelib%2ffs.scandir cache-miss
1290 http fetch GET 200 https://registry.npmjs.org/fastq 85ms (cache revalidated)
1291 silly packumentCache full:https://registry.npmjs.org/fastq set size:82997 disposed:false
1292 http fetch GET 200 https://registry.npmjs.org/@nodelib%2ffs.scandir 281ms (cache revalidated)
1293 silly packumentCache full:https://registry.npmjs.org/@nodelib%2ffs.scandir set size:49256 disposed:false
1294 silly placeDep ROOT @nodelib/fs.scandir@2.1.5 OK for: @nodelib/fs.walk@1.2.8 want: 2.1.5
1295 silly placeDep ROOT fastq@1.20.3 OK for: @nodelib/fs.walk@1.2.8 want: ^1.6.0
1296 silly fetch manifest run-parallel@^1.1.9
1297 silly packumentCache full:https://registry.npmjs.org/run-parallel cache-miss
1298 silly fetch manifest reusify@^1.0.4
1299 silly packumentCache full:https://registry.npmjs.org/reusify cache-miss
1300 http fetch GET 200 https://registry.npmjs.org/run-parallel 91ms (cache revalidated)
1301 silly packumentCache full:https://registry.npmjs.org/run-parallel set size:35172 disposed:false
1302 http fetch GET 200 https://registry.npmjs.org/reusify 94ms (cache revalidated)
1303 silly packumentCache full:https://registry.npmjs.org/reusify set size:14249 disposed:false
1304 silly placeDep ROOT run-parallel@1.2.0 OK for: @nodelib/fs.scandir@2.1.5 want: ^1.1.9
1305 silly fetch manifest queue-microtask@^1.2.2
1306 silly packumentCache full:https://registry.npmjs.org/queue-microtask cache-miss
1307 http fetch GET 200 https://registry.npmjs.org/queue-microtask 82ms (cache revalidated)
1308 silly packumentCache full:https://registry.npmjs.org/queue-microtask set size:36088 disposed:false
1309 silly placeDep ROOT reusify@1.1.0 OK for: fastq@1.20.3 want: ^1.0.4
1310 silly placeDep ROOT to-regex-range@5.0.1 OK for: fill-range@7.1.1 want: ^5.0.1
1311 silly fetch manifest is-number@^7.0.0
1312 silly packumentCache full:https://registry.npmjs.org/is-number cache-miss
1313 http fetch GET 200 https://registry.npmjs.org/is-number 103ms (cache revalidated)
1314 silly packumentCache full:https://registry.npmjs.org/is-number set size:36183 disposed:false
1315 silly placeDep ROOT binary-extensions@2.3.0 OK for: is-binary-path@2.1.0 want: ^2.0.0
1316 silly placeDep ROOT is-extglob@2.1.1 OK for: is-glob@4.0.3 want: ^2.1.1
1317 silly placeDep ROOT read-cache@1.0.2 OK for: postcss-import@15.1.0 want: ^1.0.0
1318 silly placeDep ROOT camelcase-css@2.0.1 OK for: postcss-js@4.1.0 want: ^2.0.1
1319 silly placeDep ROOT cssesc@3.0.0 OK for: postcss-selector-parser@6.1.4 want: ^3.0.0
1320 silly placeDep ROOT util-deprecate@1.0.2 OK for: postcss-selector-parser@6.1.4 want: ^1.0.2
1321 silly placeDep ROOT is-core-module@2.16.2 OK for: resolve@1.22.12 want: ^2.16.1
1322 silly placeDep ROOT path-parse@1.0.7 OK for: resolve@1.22.12 want: ^1.0.7
1323 silly placeDep ROOT supports-preserve-symlinks-flag@1.0.0 OK for: resolve@1.22.12 want: ^1.0.0
1324 silly placeDep ROOT queue-microtask@1.2.3 OK for: run-parallel@1.2.0 want: ^1.2.2
1325 silly placeDep ROOT commander@4.1.1 OK for: sucrase@3.35.1 want: ^4.0.0
1326 silly placeDep ROOT lines-and-columns@1.2.4 OK for: sucrase@3.35.1 want: ^1.1.6
1327 silly placeDep ROOT mz@2.7.0 OK for: sucrase@3.35.1 want: ^2.7.0
1328 silly placeDep ROOT pirates@4.0.7 OK for: sucrase@3.35.1 want: ^4.0.1
1329 silly placeDep ROOT ts-interface-checker@0.1.13 OK for: sucrase@3.35.1 want: ^0.1.9
1330 silly fetch manifest any-promise@^1.0.0
1331 silly packumentCache full:https://registry.npmjs.org/any-promise cache-miss
1332 silly fetch manifest object-assign@^4.0.1
1333 silly packumentCache full:https://registry.npmjs.org/object-assign cache-miss
1334 silly fetch manifest thenify-all@^1.0.0
1335 silly packumentCache full:https://registry.npmjs.org/thenify-all cache-miss
1336 http cache https://registry.npmjs.org/thenify-all 13ms (cache hit)
1337 silly packumentCache full:https://registry.npmjs.org/thenify-all set size:18488 disposed:false
1338 http cache https://registry.npmjs.org/any-promise 14ms (cache hit)
1339 silly packumentCache full:https://registry.npmjs.org/any-promise set size:20233 disposed:false
1340 http fetch GET 200 https://registry.npmjs.org/object-assign 88ms (cache revalidated)
1341 silly packumentCache full:https://registry.npmjs.org/object-assign set size:28988 disposed:false
1342 silly placeDep ROOT any-promise@1.3.0 OK for: mz@2.7.0 want: ^1.0.0
1343 silly placeDep ROOT object-assign@4.1.1 OK for: mz@2.7.0 want: ^4.0.1
1344 silly placeDep ROOT thenify-all@1.6.0 OK for: mz@2.7.0 want: ^1.0.0
1345 silly fetch manifest thenify@>= 3.1.0 < 4
1346 silly packumentCache full:https://registry.npmjs.org/thenify cache-miss
1347 http cache https://registry.npmjs.org/thenify 7ms (cache hit)
1348 silly packumentCache full:https://registry.npmjs.org/thenify set size:21379 disposed:false
1349 silly placeDep ROOT thenify@3.3.1 OK for: thenify-all@1.6.0 want: >= 3.1.0 < 4
1350 silly placeDep node_modules/tinyglobby fdir@6.5.0 OK for: tinyglobby@0.2.17 want: ^6.5.0
1351 silly placeDep node_modules/tinyglobby picomatch@4.0.7 OK for: fdir@6.5.0 want: ^3 || ^4
1352 silly placeDep ROOT is-number@7.0.0 OK for: to-regex-range@5.0.1 want: ^7.0.0
1353 silly placeDep ROOT tldts@6.1.86 OK for: tough-cookie@5.1.2 want: ^6.1.32
1354 silly fetch manifest tldts-core@^6.1.86
1355 silly packumentCache full:https://registry.npmjs.org/tldts-core cache-miss
1356 http cache https://registry.npmjs.org/tldts-core 22ms (cache hit)
1357 silly packumentCache full:https://registry.npmjs.org/tldts-core set size:3111829 disposed:false
1358 silly placeDep ROOT tldts-core@6.1.86 OK for: tldts@6.1.86 want: ^6.1.86
1359 silly placeDep ROOT escalade@3.2.0 OK for: update-browserslist-db@1.3.2 want: ^3.2.0
1360 silly placeDep ROOT esbuild@0.21.5 OK for: vite@5.4.21 want: ^0.21.3
1361 silly placeDep ROOT rollup@4.63.1 OK for: vite@5.4.21 want: ^4.20.0
1362 silly fetch manifest @esbuild/aix-ppc64@0.21.5
1363 silly packumentCache full:https://registry.npmjs.org/@esbuild%2faix-ppc64 cache-miss
1364 silly fetch manifest @esbuild/linux-arm@0.21.5
1365 silly packumentCache full:https://registry.npmjs.org/@esbuild%2flinux-arm cache-miss
1366 silly fetch manifest @esbuild/linux-x64@0.21.5
1367 silly packumentCache full:https://registry.npmjs.org/@esbuild%2flinux-x64 cache-miss
1368 silly fetch manifest @esbuild/sunos-x64@0.21.5
1369 silly packumentCache full:https://registry.npmjs.org/@esbuild%2fsunos-x64 cache-miss
1370 silly fetch manifest @esbuild/win32-x64@0.21.5
1371 silly packumentCache full:https://registry.npmjs.org/@esbuild%2fwin32-x64 cache-miss
1372 silly fetch manifest @esbuild/darwin-x64@0.21.5
1373 silly packumentCache full:https://registry.npmjs.org/@esbuild%2fdarwin-x64 cache-miss
1374 silly fetch manifest @esbuild/linux-ia32@0.21.5
1375 silly packumentCache full:https://registry.npmjs.org/@esbuild%2flinux-ia32 cache-miss
1376 http cache https://registry.npmjs.org/@esbuild%2faix-ppc64 16ms (cache hit)
1377 silly packumentCache full:https://registry.npmjs.org/@esbuild%2faix-ppc64 set size:67797 disposed:false
1378 silly fetch manifest @esbuild/netbsd-x64@0.21.5
1379 silly packumentCache full:https://registry.npmjs.org/@esbuild%2fnetbsd-x64 cache-miss
1380 http cache https://registry.npmjs.org/@esbuild%2flinux-arm 20ms (cache hit)
1381 silly packumentCache full:https://registry.npmjs.org/@esbuild%2flinux-arm set size:198596 disposed:false
1382 silly fetch manifest @esbuild/win32-ia32@0.21.5
1383 silly packumentCache full:https://registry.npmjs.org/@esbuild%2fwin32-ia32 cache-miss
1384 http cache https://registry.npmjs.org/@esbuild%2flinux-x64 25ms (cache hit)
1385 silly packumentCache full:https://registry.npmjs.org/@esbuild%2flinux-x64 set size:198942 disposed:false
1386 silly fetch manifest @esbuild/android-arm@0.21.5
1387 silly packumentCache full:https://registry.npmjs.org/@esbuild%2fandroid-arm cache-miss
1388 http cache https://registry.npmjs.org/@esbuild%2fsunos-x64 27ms (cache hit)
1389 silly packumentCache full:https://registry.npmjs.org/@esbuild%2fsunos-x64 set size:199187 disposed:false
1390 silly fetch manifest @esbuild/android-x64@0.21.5
1391 silly packumentCache full:https://registry.npmjs.org/@esbuild%2fandroid-x64 cache-miss
1392 http cache https://registry.npmjs.org/@esbuild%2fwin32-x64 30ms (cache hit)
1393 silly packumentCache full:https://registry.npmjs.org/@esbuild%2fwin32-x64 set size:197540 disposed:false
1394 silly fetch manifest @esbuild/freebsd-x64@0.21.5
1395 silly packumentCache full:https://registry.npmjs.org/@esbuild%2ffreebsd-x64 cache-miss
1396 http cache https://registry.npmjs.org/@esbuild%2fdarwin-x64 32ms (cache hit)
1397 silly packumentCache full:https://registry.npmjs.org/@esbuild%2fdarwin-x64 set size:199670 disposed:false
1398 silly fetch manifest @esbuild/linux-arm64@0.21.5
1399 silly packumentCache full:https://registry.npmjs.org/@esbuild%2flinux-arm64 cache-miss
1400 http cache https://registry.npmjs.org/@esbuild%2flinux-ia32 35ms (cache hit)
1401 silly packumentCache full:https://registry.npmjs.org/@esbuild%2flinux-ia32 set size:199625 disposed:false
1402 silly fetch manifest @esbuild/linux-ppc64@0.21.5
1403 silly packumentCache full:https://registry.npmjs.org/@esbuild%2flinux-ppc64 cache-miss
1404 http cache https://registry.npmjs.org/@esbuild%2fnetbsd-x64 33ms (cache hit)
1405 silly packumentCache full:https://registry.npmjs.org/@esbuild%2fnetbsd-x64 set size:197314 disposed:false
1406 silly fetch manifest @esbuild/linux-s390x@0.21.5
1407 silly packumentCache full:https://registry.npmjs.org/@esbuild%2flinux-s390x cache-miss
1408 http cache https://registry.npmjs.org/@esbuild%2fandroid-arm 28ms (cache hit)
1409 silly packumentCache full:https://registry.npmjs.org/@esbuild%2fandroid-arm set size:225217 disposed:false
1410 silly fetch manifest @esbuild/openbsd-x64@0.21.5
1411 silly packumentCache full:https://registry.npmjs.org/@esbuild%2fopenbsd-x64 cache-miss
1412 http cache https://registry.npmjs.org/@esbuild%2fandroid-x64 30ms (cache hit)
1413 silly packumentCache full:https://registry.npmjs.org/@esbuild%2fandroid-x64 set size:199017 disposed:false
1414 silly fetch manifest @esbuild/win32-arm64@0.21.5
1415 silly packumentCache full:https://registry.npmjs.org/@esbuild%2fwin32-arm64 cache-miss
1416 http cache https://registry.npmjs.org/@esbuild%2fwin32-ia32 39ms (cache hit)
1417 silly packumentCache full:https://registry.npmjs.org/@esbuild%2fwin32-ia32 set size:199854 disposed:false
1418 silly fetch manifest @esbuild/darwin-arm64@0.21.5
1419 silly packumentCache full:https://registry.npmjs.org/@esbuild%2fdarwin-arm64 cache-miss
1420 http cache https://registry.npmjs.org/@esbuild%2flinux-arm64 30ms (cache hit)
1421 silly packumentCache full:https://registry.npmjs.org/@esbuild%2flinux-arm64 set size:200773 disposed:false
1422 silly fetch manifest @esbuild/android-arm64@0.21.5
1423 silly packumentCache full:https://registry.npmjs.org/@esbuild%2fandroid-arm64 cache-miss
1424 http cache https://registry.npmjs.org/@esbuild%2ffreebsd-x64 36ms (cache hit)
1425 silly packumentCache full:https://registry.npmjs.org/@esbuild%2ffreebsd-x64 set size:200565 disposed:false
1426 silly fetch manifest @esbuild/freebsd-arm64@0.21.5
1427 silly packumentCache full:https://registry.npmjs.org/@esbuild%2ffreebsd-arm64 cache-miss
1428 http cache https://registry.npmjs.org/@esbuild%2flinux-ppc64 34ms (cache hit)
1429 silly packumentCache full:https://registry.npmjs.org/@esbuild%2flinux-ppc64 set size:202845 disposed:false
1430 silly fetch manifest @esbuild/linux-loong64@0.21.5
1431 silly packumentCache full:https://registry.npmjs.org/@esbuild%2flinux-loong64 cache-miss
1432 http cache https://registry.npmjs.org/@esbuild%2fwin32-arm64 24ms (cache hit)
1433 silly packumentCache full:https://registry.npmjs.org/@esbuild%2fwin32-arm64 set size:201005 disposed:false
1434 silly fetch manifest @esbuild/linux-riscv64@0.21.5
1435 silly packumentCache full:https://registry.npmjs.org/@esbuild%2flinux-riscv64 cache-miss
1436 http cache https://registry.npmjs.org/@esbuild%2flinux-s390x 38ms (cache hit)
1437 silly packumentCache full:https://registry.npmjs.org/@esbuild%2flinux-s390x set size:202310 disposed:false
1438 silly fetch manifest @esbuild/linux-mips64el@0.21.5
1439 silly packumentCache full:https://registry.npmjs.org/@esbuild%2flinux-mips64el cache-miss
1440 http cache https://registry.npmjs.org/@esbuild%2fopenbsd-x64 36ms (cache hit)
1441 silly packumentCache full:https://registry.npmjs.org/@esbuild%2fopenbsd-x64 set size:200576 disposed:false
1442 silly fetch manifest @types/estree@1.0.9
1443 silly packumentCache full:https://registry.npmjs.org/@types%2festree cache-miss
1444 http cache https://registry.npmjs.org/@esbuild%2fdarwin-arm64 34ms (cache hit)
1445 silly packumentCache full:https://registry.npmjs.org/@esbuild%2fdarwin-arm64 set size:201471 disposed:false
1446 silly fetch manifest @rollup/rollup-darwin-x64@4.63.1
1447 silly packumentCache full:https://registry.npmjs.org/@rollup%2frollup-darwin-x64 cache-miss
1448 http cache https://registry.npmjs.org/@esbuild%2ffreebsd-arm64 30ms (cache hit)
1449 silly packumentCache full:https://registry.npmjs.org/@esbuild%2ffreebsd-arm64 set size:202383 disposed:false
1450 silly fetch manifest @rollup/rollup-freebsd-x64@4.63.1
1451 silly packumentCache full:https://registry.npmjs.org/@rollup%2frollup-freebsd-x64 cache-miss
1452 http cache https://registry.npmjs.org/@esbuild%2fandroid-arm64 39ms (cache hit)
1453 silly packumentCache full:https://registry.npmjs.org/@esbuild%2fandroid-arm64 set size:204216 disposed:false
1454 silly fetch manifest @rollup/rollup-openbsd-x64@4.63.1
1455 silly packumentCache full:https://registry.npmjs.org/@rollup%2frollup-openbsd-x64 cache-miss
1456 http cache https://registry.npmjs.org/@esbuild%2flinux-loong64 36ms (cache hit)
1457 silly packumentCache full:https://registry.npmjs.org/@esbuild%2flinux-loong64 set size:255749 disposed:false
1458 silly fetch manifest @napi-rs/lzma-linux-x64-gnu@1.5.1
1459 silly packumentCache full:https://registry.npmjs.org/@napi-rs%2flzma-linux-x64-gnu cache-miss
1460 http cache https://registry.npmjs.org/@esbuild%2flinux-mips64el 31ms (cache hit)
1461 silly packumentCache full:https://registry.npmjs.org/@esbuild%2flinux-mips64el set size:204633 disposed:false
1462 silly fetch manifest @rollup/rollup-darwin-arm64@4.63.1
1463 silly packumentCache full:https://registry.npmjs.org/@rollup%2frollup-darwin-arm64 cache-miss
1464 http cache https://registry.npmjs.org/@esbuild%2flinux-riscv64 39ms (cache hit)
1465 silly packumentCache full:https://registry.npmjs.org/@esbuild%2flinux-riscv64 set size:202512 disposed:false
1466 silly fetch manifest @rollup/rollup-android-arm64@4.63.1
1467 silly packumentCache full:https://registry.npmjs.org/@rollup%2frollup-android-arm64 cache-miss
1468 http cache https://registry.npmjs.org/@rollup%2frollup-freebsd-x64 26ms (cache hit)
1469 silly packumentCache full:https://registry.npmjs.org/@rollup%2frollup-freebsd-x64 set size:204859 disposed:false
1470 silly fetch manifest @rollup/rollup-freebsd-arm64@4.63.1
1471 silly packumentCache full:https://registry.npmjs.org/@rollup%2frollup-freebsd-arm64 cache-miss
1472 http cache https://registry.npmjs.org/@types%2festree 38ms (cache hit)
1473 silly packumentCache full:https://registry.npmjs.org/@types%2festree set size:76072 disposed:false
1474 silly fetch manifest @rollup/rollup-linux-x64-gnu@4.63.1
1475 silly packumentCache full:https://registry.npmjs.org/@rollup%2frollup-linux-x64-gnu cache-miss
1476 http cache https://registry.npmjs.org/@rollup%2frollup-darwin-x64 40ms (cache hit)
1477 silly packumentCache full:https://registry.npmjs.org/@rollup%2frollup-darwin-x64 set size:352180 disposed:false
1478 silly fetch manifest @rollup/rollup-win32-x64-gnu@4.63.1
1479 silly packumentCache full:https://registry.npmjs.org/@rollup%2frollup-win32-x64-gnu cache-miss
1480 http cache https://registry.npmjs.org/@rollup%2frollup-openbsd-x64 35ms (cache hit)
1481 silly packumentCache full:https://registry.npmjs.org/@rollup%2frollup-openbsd-x64 set size:49602 disposed:false
1482 silly fetch manifest @rollup/rollup-linux-x64-musl@4.63.1
1483 silly packumentCache full:https://registry.npmjs.org/@rollup%2frollup-linux-x64-musl cache-miss
1484 http cache https://registry.npmjs.org/@napi-rs%2flzma-linux-x64-gnu 35ms (cache hit)
1485 silly packumentCache full:https://registry.npmjs.org/@napi-rs%2flzma-linux-x64-gnu set size:31508 disposed:false
1486 silly fetch manifest @rollup/rollup-win32-x64-msvc@4.63.1
1487 silly packumentCache full:https://registry.npmjs.org/@rollup%2frollup-win32-x64-msvc cache-miss
1488 http cache https://registry.npmjs.org/@rollup%2frollup-darwin-arm64 33ms (cache hit)
1489 silly packumentCache full:https://registry.npmjs.org/@rollup%2frollup-darwin-arm64 set size:357142 disposed:false
1490 silly fetch manifest @rollup/rollup-linux-arm64-gnu@4.63.1
1491 silly packumentCache full:https://registry.npmjs.org/@rollup%2frollup-linux-arm64-gnu cache-miss
1492 http cache https://registry.npmjs.org/@rollup%2frollup-linux-x64-gnu 27ms (cache hit)
1493 silly packumentCache full:https://registry.npmjs.org/@rollup%2frollup-linux-x64-gnu set size:359634 disposed:false
1494 silly fetch manifest @rollup/rollup-linux-ppc64-gnu@4.63.1
1495 silly packumentCache full:https://registry.npmjs.org/@rollup%2frollup-linux-ppc64-gnu cache-miss
1496 http cache https://registry.npmjs.org/@rollup%2frollup-android-arm64 39ms (cache hit)
1497 silly packumentCache full:https://registry.npmjs.org/@rollup%2frollup-android-arm64 set size:358720 disposed:false
1498 silly fetch manifest @rollup/rollup-linux-s390x-gnu@4.63.1
1499 silly packumentCache full:https://registry.npmjs.org/@rollup%2frollup-linux-s390x-gnu cache-miss
1500 http cache https://registry.npmjs.org/@rollup%2frollup-freebsd-arm64 40ms (cache hit)
1501 silly packumentCache full:https://registry.npmjs.org/@rollup%2frollup-freebsd-arm64 set size:206926 disposed:false
1502 silly fetch manifest @rollup/rollup-win32-ia32-msvc@4.63.1
1503 silly packumentCache full:https://registry.npmjs.org/@rollup%2frollup-win32-ia32-msvc cache-miss
1504 http cache https://registry.npmjs.org/@rollup%2frollup-win32-x64-gnu 35ms (cache hit)
1505 silly packumentCache full:https://registry.npmjs.org/@rollup%2frollup-win32-x64-gnu set size:80328 disposed:false
1506 silly fetch manifest @rollup/rollup-android-arm-eabi@4.63.1
1507 silly packumentCache full:https://registry.npmjs.org/@rollup%2frollup-android-arm-eabi cache-miss
1508 http cache https://registry.npmjs.org/@rollup%2frollup-linux-x64-musl 37ms (cache hit)
1509 silly packumentCache full:https://registry.npmjs.org/@rollup%2frollup-linux-x64-musl set size:359041 disposed:false
1510 silly fetch manifest @rollup/rollup-linux-arm64-musl@4.63.1
1511 silly packumentCache full:https://registry.npmjs.org/@rollup%2frollup-linux-arm64-musl cache-miss
1512 http cache https://registry.npmjs.org/@rollup%2frollup-win32-x64-msvc 42ms (cache hit)
1513 silly packumentCache full:https://registry.npmjs.org/@rollup%2frollup-win32-x64-msvc set size:357307 disposed:false
1514 silly fetch manifest @rollup/rollup-linux-ppc64-musl@4.63.1
1515 silly packumentCache full:https://registry.npmjs.org/@rollup%2frollup-linux-ppc64-musl cache-miss
1516 http cache https://registry.npmjs.org/@rollup%2frollup-linux-arm64-gnu 38ms (cache hit)
1517 silly packumentCache full:https://registry.npmjs.org/@rollup%2frollup-linux-arm64-gnu set size:364652 disposed:false
1518 silly fetch manifest @rollup/rollup-win32-arm64-msvc@4.63.1
1519 silly packumentCache full:https://registry.npmjs.org/@rollup%2frollup-win32-arm64-msvc cache-miss
1520 http cache https://registry.npmjs.org/@rollup%2frollup-linux-ppc64-gnu 39ms (cache hit)
1521 silly packumentCache full:https://registry.npmjs.org/@rollup%2frollup-linux-ppc64-gnu set size:109337 disposed:false
1522 silly fetch manifest @rollup/rollup-linux-loong64-gnu@4.63.1
1523 silly packumentCache full:https://registry.npmjs.org/@rollup%2frollup-linux-loong64-gnu cache-miss
1524 http cache https://registry.npmjs.org/@rollup%2frollup-linux-s390x-gnu 37ms (cache hit)
1525 silly packumentCache full:https://registry.npmjs.org/@rollup%2frollup-linux-s390x-gnu set size:264500 disposed:false
1526 silly fetch manifest @rollup/rollup-linux-riscv64-gnu@4.63.1
1527 silly packumentCache full:https://registry.npmjs.org/@rollup%2frollup-linux-riscv64-gnu cache-miss
1528 http cache https://registry.npmjs.org/@rollup%2frollup-win32-ia32-msvc 38ms (cache hit)
1529 silly packumentCache full:https://registry.npmjs.org/@rollup%2frollup-win32-ia32-msvc set size:360742 disposed:false
1530 silly fetch manifest @rollup/rollup-openharmony-arm64@4.63.1
1531 silly packumentCache full:https://registry.npmjs.org/@rollup%2frollup-openharmony-arm64 cache-miss
1532 http cache https://registry.npmjs.org/@rollup%2frollup-android-arm-eabi 43ms (cache hit)
1533 silly packumentCache full:https://registry.npmjs.org/@rollup%2frollup-android-arm-eabi set size:362315 disposed:false
1534 silly fetch manifest @rollup/rollup-linux-loong64-musl@4.63.1
1535 silly packumentCache full:https://registry.npmjs.org/@rollup%2frollup-linux-loong64-musl cache-miss
1536 http cache https://registry.npmjs.org/@rollup%2frollup-linux-arm64-musl 43ms (cache hit)
1537 silly packumentCache full:https://registry.npmjs.org/@rollup%2frollup-linux-arm64-musl set size:320100 disposed:false
1538 silly fetch manifest @rollup/rollup-linux-riscv64-musl@4.63.1
1539 silly packumentCache full:https://registry.npmjs.org/@rollup%2frollup-linux-riscv64-musl cache-miss
1540 http cache https://registry.npmjs.org/@rollup%2frollup-linux-ppc64-musl 40ms (cache hit)
1541 silly packumentCache full:https://registry.npmjs.org/@rollup%2frollup-linux-ppc64-musl set size:50924 disposed:false
1542 silly fetch manifest @rollup/rollup-linux-arm-gnueabihf@4.63.1
1543 silly packumentCache full:https://registry.npmjs.org/@rollup%2frollup-linux-arm-gnueabihf cache-miss
1544 http cache https://registry.npmjs.org/@rollup%2frollup-win32-arm64-msvc 35ms (cache hit)
1545 silly packumentCache full:https://registry.npmjs.org/@rollup%2frollup-win32-arm64-msvc set size:362307 disposed:false
1546 silly fetch manifest @rollup/rollup-linux-arm-musleabihf@4.63.1
1547 silly packumentCache full:https://registry.npmjs.org/@rollup%2frollup-linux-arm-musleabihf cache-miss
1548 http cache https://registry.npmjs.org/@rollup%2frollup-linux-loong64-gnu 40ms (cache hit)
1549 silly packumentCache full:https://registry.npmjs.org/@rollup%2frollup-linux-loong64-gnu set size:89277 disposed:false
1550 http cache https://registry.npmjs.org/@rollup%2frollup-openharmony-arm64 32ms (cache hit)
1551 silly packumentCache full:https://registry.npmjs.org/@rollup%2frollup-openharmony-arm64 set size:90021 disposed:false
1552 http cache https://registry.npmjs.org/@rollup%2frollup-linux-riscv64-gnu 42ms (cache hit)
1553 silly packumentCache full:https://registry.npmjs.org/@rollup%2frollup-linux-riscv64-gnu set size:290962 disposed:false
1554 http cache https://registry.npmjs.org/@rollup%2frollup-linux-loong64-musl 34ms (cache hit)
1555 silly packumentCache full:https://registry.npmjs.org/@rollup%2frollup-linux-loong64-musl set size:51343 disposed:false
1556 http cache https://registry.npmjs.org/@rollup%2frollup-linux-riscv64-musl 32ms (cache hit)
1557 silly packumentCache full:https://registry.npmjs.org/@rollup%2frollup-linux-riscv64-musl set size:137007 disposed:false
1558 http cache https://registry.npmjs.org/@rollup%2frollup-linux-arm-gnueabihf 27ms (cache hit)
1559 silly packumentCache full:https://registry.npmjs.org/@rollup%2frollup-linux-arm-gnueabihf set size:368410 disposed:false
1560 http cache https://registry.npmjs.org/@rollup%2frollup-linux-arm-musleabihf 27ms (cache hit)
1561 silly packumentCache full:https://registry.npmjs.org/@rollup%2frollup-linux-arm-musleabihf set size:262647 disposed:false
1562 silly placeDep ROOT @esbuild/aix-ppc64@0.21.5 OK for: esbuild@0.21.5 want: 0.21.5
1563 silly placeDep ROOT @esbuild/android-arm@0.21.5 OK for: esbuild@0.21.5 want: 0.21.5
1564 silly placeDep ROOT @esbuild/android-arm64@0.21.5 OK for: esbuild@0.21.5 want: 0.21.5
1565 silly placeDep ROOT @esbuild/android-x64@0.21.5 OK for: esbuild@0.21.5 want: 0.21.5
1566 silly placeDep ROOT @esbuild/darwin-arm64@0.21.5 OK for: esbuild@0.21.5 want: 0.21.5
1567 silly placeDep ROOT @esbuild/darwin-x64@0.21.5 OK for: esbuild@0.21.5 want: 0.21.5
1568 silly placeDep ROOT @esbuild/freebsd-arm64@0.21.5 OK for: esbuild@0.21.5 want: 0.21.5
1569 silly placeDep ROOT @esbuild/freebsd-x64@0.21.5 OK for: esbuild@0.21.5 want: 0.21.5
1570 silly placeDep ROOT @esbuild/linux-arm@0.21.5 OK for: esbuild@0.21.5 want: 0.21.5
1571 silly placeDep ROOT @esbuild/linux-arm64@0.21.5 OK for: esbuild@0.21.5 want: 0.21.5
1572 silly placeDep ROOT @esbuild/linux-ia32@0.21.5 OK for: esbuild@0.21.5 want: 0.21.5
1573 silly placeDep ROOT @esbuild/linux-loong64@0.21.5 OK for: esbuild@0.21.5 want: 0.21.5
1574 silly placeDep ROOT @esbuild/linux-mips64el@0.21.5 OK for: esbuild@0.21.5 want: 0.21.5
1575 silly placeDep ROOT @esbuild/linux-ppc64@0.21.5 OK for: esbuild@0.21.5 want: 0.21.5
1576 silly placeDep ROOT @esbuild/linux-riscv64@0.21.5 OK for: esbuild@0.21.5 want: 0.21.5
1577 silly placeDep ROOT @esbuild/linux-s390x@0.21.5 OK for: esbuild@0.21.5 want: 0.21.5
1578 silly placeDep ROOT @esbuild/linux-x64@0.21.5 OK for: esbuild@0.21.5 want: 0.21.5
1579 silly placeDep ROOT @esbuild/netbsd-x64@0.21.5 OK for: esbuild@0.21.5 want: 0.21.5
1580 silly placeDep ROOT @esbuild/openbsd-x64@0.21.5 OK for: esbuild@0.21.5 want: 0.21.5
1581 silly placeDep ROOT @esbuild/sunos-x64@0.21.5 OK for: esbuild@0.21.5 want: 0.21.5
1582 silly placeDep ROOT @esbuild/win32-arm64@0.21.5 OK for: esbuild@0.21.5 want: 0.21.5
1583 silly placeDep ROOT @esbuild/win32-ia32@0.21.5 OK for: esbuild@0.21.5 want: 0.21.5
1584 silly placeDep ROOT @esbuild/win32-x64@0.21.5 OK for: esbuild@0.21.5 want: 0.21.5
1585 silly placeDep ROOT @napi-rs/lzma-linux-x64-gnu@1.5.1 OK for: rollup@4.63.1 want: 1.5.1
1586 silly placeDep ROOT @rollup/rollup-android-arm-eabi@4.63.1 OK for: rollup@4.63.1 want: 4.63.1
1587 silly placeDep ROOT @rollup/rollup-android-arm64@4.63.1 OK for: rollup@4.63.1 want: 4.63.1
1588 silly placeDep ROOT @rollup/rollup-darwin-arm64@4.63.1 OK for: rollup@4.63.1 want: 4.63.1
1589 silly placeDep ROOT @rollup/rollup-darwin-x64@4.63.1 OK for: rollup@4.63.1 want: 4.63.1
1590 silly placeDep ROOT @rollup/rollup-freebsd-arm64@4.63.1 OK for: rollup@4.63.1 want: 4.63.1
1591 silly placeDep ROOT @rollup/rollup-freebsd-x64@4.63.1 OK for: rollup@4.63.1 want: 4.63.1
1592 silly placeDep ROOT @rollup/rollup-linux-arm-gnueabihf@4.63.1 OK for: rollup@4.63.1 want: 4.63.1
1593 silly placeDep ROOT @rollup/rollup-linux-arm-musleabihf@4.63.1 OK for: rollup@4.63.1 want: 4.63.1
1594 silly placeDep ROOT @rollup/rollup-linux-arm64-gnu@4.63.1 OK for: rollup@4.63.1 want: 4.63.1
1595 silly placeDep ROOT @rollup/rollup-linux-arm64-musl@4.63.1 OK for: rollup@4.63.1 want: 4.63.1
1596 silly placeDep ROOT @rollup/rollup-linux-loong64-gnu@4.63.1 OK for: rollup@4.63.1 want: 4.63.1
1597 silly placeDep ROOT @rollup/rollup-linux-loong64-musl@4.63.1 OK for: rollup@4.63.1 want: 4.63.1
1598 silly placeDep ROOT @rollup/rollup-linux-ppc64-gnu@4.63.1 OK for: rollup@4.63.1 want: 4.63.1
1599 silly placeDep ROOT @rollup/rollup-linux-ppc64-musl@4.63.1 OK for: rollup@4.63.1 want: 4.63.1
1600 silly placeDep ROOT @rollup/rollup-linux-riscv64-gnu@4.63.1 OK for: rollup@4.63.1 want: 4.63.1
1601 silly placeDep ROOT @rollup/rollup-linux-riscv64-musl@4.63.1 OK for: rollup@4.63.1 want: 4.63.1
1602 silly placeDep ROOT @rollup/rollup-linux-s390x-gnu@4.63.1 OK for: rollup@4.63.1 want: 4.63.1
1603 silly placeDep ROOT @rollup/rollup-linux-x64-gnu@4.63.1 OK for: rollup@4.63.1 want: 4.63.1
1604 silly placeDep ROOT @rollup/rollup-linux-x64-musl@4.63.1 OK for: rollup@4.63.1 want: 4.63.1
1605 silly placeDep ROOT @rollup/rollup-openbsd-x64@4.63.1 OK for: rollup@4.63.1 want: 4.63.1
1606 silly placeDep ROOT @rollup/rollup-openharmony-arm64@4.63.1 OK for: rollup@4.63.1 want: 4.63.1
1607 silly placeDep ROOT @rollup/rollup-win32-arm64-msvc@4.63.1 OK for: rollup@4.63.1 want: 4.63.1
1608 silly placeDep ROOT @rollup/rollup-win32-ia32-msvc@4.63.1 OK for: rollup@4.63.1 want: 4.63.1
1609 silly placeDep ROOT @rollup/rollup-win32-x64-gnu@4.63.1 OK for: rollup@4.63.1 want: 4.63.1
1610 silly placeDep ROOT @rollup/rollup-win32-x64-msvc@4.63.1 OK for: rollup@4.63.1 want: 4.63.1
1611 silly placeDep ROOT @types/estree@1.0.9 OK for: rollup@4.63.1 want: 1.0.9
1612 silly fetch manifest msw@^2.4.9
1613 silly packumentCache full:https://registry.npmjs.org/msw cache-miss
1614 http cache https://registry.npmjs.org/msw 30ms (cache hit)
1615 silly packumentCache full:https://registry.npmjs.org/msw set size:2036917 disposed:false
1616 silly fetch manifest typescript@>= 4.8.x
1617 silly packumentCache full:https://registry.npmjs.org/typescript cache-miss
1618 http cache https://registry.npmjs.org/typescript 41ms (cache hit)
1619 silly packumentCache full:https://registry.npmjs.org/typescript set size:15610235 disposed:false
1620 silly fetch manifest vite@^5.0.0
1621 silly packumentCache full:https://registry.npmjs.org/vite cache-miss
1622 http cache https://registry.npmjs.org/vite 130ms (cache hit)
1623 silly packumentCache full:https://registry.npmjs.org/vite set size:38929639 disposed:false
1624 silly fetch manifest @types/node@^18.0.0 || >=20.0.0
1625 silly packumentCache full:https://registry.npmjs.org/@types%2fnode cache-miss
1626 http cache https://registry.npmjs.org/@types%2fnode 36ms (cache hit)
1627 silly packumentCache full:https://registry.npmjs.org/@types%2fnode set size:11096266 disposed:false
1628 silly fetch manifest postcss@^8.3.3
1629 silly packumentCache full:https://registry.npmjs.org/postcss cache-hit
1630 silly placeDep ROOT @vitest/expect@2.1.9 OK for: vitest@2.1.9 want: 2.1.9
1631 silly placeDep ROOT @vitest/mocker@2.1.9 OK for: vitest@2.1.9 want: 2.1.9
1632 silly placeDep ROOT @vitest/runner@2.1.9 OK for: vitest@2.1.9 want: 2.1.9
1633 silly placeDep ROOT @vitest/snapshot@2.1.9 OK for: vitest@2.1.9 want: 2.1.9
1634 silly placeDep ROOT @vitest/spy@2.1.9 OK for: vitest@2.1.9 want: 2.1.9
1635 silly placeDep ROOT chai@5.3.3 OK for: vitest@2.1.9 want: ^5.1.2
1636 silly placeDep ROOT expect-type@1.4.0 OK for: vitest@2.1.9 want: ^1.1.0
1637 silly placeDep ROOT magic-string@0.30.21 OK for: vitest@2.1.9 want: ^0.30.12
1638 silly placeDep ROOT std-env@3.10.0 OK for: vitest@2.1.9 want: ^3.8.0
1639 silly placeDep ROOT tinybench@2.9.0 OK for: vitest@2.1.9 want: ^2.9.0
1640 silly placeDep ROOT tinyexec@0.3.2 OK for: vitest@2.1.9 want: ^0.3.1
1641 silly placeDep ROOT tinypool@1.1.1 OK for: vitest@2.1.9 want: ^1.0.1
1642 silly placeDep ROOT vite-node@2.1.9 OK for: vitest@2.1.9 want: 2.1.9
1643 silly placeDep ROOT why-is-node-running@2.3.0 OK for: vitest@2.1.9 want: ^2.3.0
1644 silly fetch manifest estree-walker@^3.0.3
1645 silly packumentCache full:https://registry.npmjs.org/estree-walker cache-miss
1646 silly fetch manifest tinyspy@^3.0.2
1647 silly packumentCache full:https://registry.npmjs.org/tinyspy cache-miss
1648 silly fetch manifest pathval@^2.0.0
1649 silly packumentCache full:https://registry.npmjs.org/pathval cache-miss
1650 silly fetch manifest deep-eql@^5.0.1
1651 silly packumentCache full:https://registry.npmjs.org/deep-eql cache-miss
1652 silly fetch manifest check-error@^2.1.1
1653 silly packumentCache full:https://registry.npmjs.org/check-error cache-miss
1654 silly fetch manifest assertion-error@^2.0.1
1655 silly packumentCache full:https://registry.npmjs.org/assertion-error cache-miss
1656 silly fetch manifest cac@^6.7.14
1657 silly packumentCache full:https://registry.npmjs.org/cac cache-miss
1658 http cache https://registry.npmjs.org/estree-walker 14ms (cache hit)
1659 silly packumentCache full:https://registry.npmjs.org/estree-walker set size:60887 disposed:false
1660 silly fetch manifest es-module-lexer@^1.5.4
1661 silly packumentCache full:https://registry.npmjs.org/es-module-lexer cache-miss
1662 http cache https://registry.npmjs.org/assertion-error 15ms (cache hit)
1663 silly packumentCache full:https://registry.npmjs.org/assertion-error set size:14438 disposed:false
1664 silly fetch manifest siginfo@^2.0.0
1665 silly packumentCache full:https://registry.npmjs.org/siginfo cache-miss
1666 http cache https://registry.npmjs.org/tinyspy 19ms (cache hit)
1667 silly packumentCache full:https://registry.npmjs.org/tinyspy set size:129032 disposed:false
1668 silly fetch manifest stackback@0.0.2
1669 silly packumentCache full:https://registry.npmjs.org/stackback cache-miss
1670 http cache https://registry.npmjs.org/deep-eql 21ms (cache hit)
1671 silly packumentCache full:https://registry.npmjs.org/deep-eql set size:73324 disposed:false
1672 http cache https://registry.npmjs.org/pathval 23ms (cache hit)
1673 silly packumentCache full:https://registry.npmjs.org/pathval set size:28664 disposed:false
1674 http cache https://registry.npmjs.org/check-error 24ms (cache hit)
1675 silly packumentCache full:https://registry.npmjs.org/check-error set size:28618 disposed:false
1676 http cache https://registry.npmjs.org/cac 25ms (cache hit)
1677 silly packumentCache full:https://registry.npmjs.org/cac set size:375942 disposed:false
1678 http cache https://registry.npmjs.org/siginfo 17ms (cache hit)
1679 silly packumentCache full:https://registry.npmjs.org/siginfo set size:8524 disposed:false
1680 http cache https://registry.npmjs.org/stackback 15ms (cache hit)
1681 silly packumentCache full:https://registry.npmjs.org/stackback set size:4594 disposed:false
1682 http fetch GET 200 https://registry.npmjs.org/es-module-lexer 97ms (cache revalidated)
1683 silly packumentCache full:https://registry.npmjs.org/es-module-lexer set size:214894 disposed:false
1684 silly placeDep ROOT estree-walker@3.0.3 OK for: @vitest/mocker@2.1.9 want: ^3.0.3
1685 silly placeDep ROOT tinyspy@3.0.2 OK for: @vitest/spy@2.1.9 want: ^3.0.2
1686 silly placeDep ROOT assertion-error@2.0.1 OK for: chai@5.3.3 want: ^2.0.1
1687 silly placeDep ROOT check-error@2.1.3 OK for: chai@5.3.3 want: ^2.1.1
1688 silly placeDep ROOT deep-eql@5.0.2 OK for: chai@5.3.3 want: ^5.0.1
1689 silly placeDep ROOT pathval@2.0.1 OK for: chai@5.3.3 want: ^2.0.0
1690 silly placeDep ROOT cac@6.7.14 OK for: vite-node@2.1.9 want: ^6.7.14
1691 silly placeDep ROOT es-module-lexer@1.7.0 OK for: vite-node@2.1.9 want: ^1.5.4
1692 silly placeDep ROOT iconv-lite@0.6.3 OK for: whatwg-encoding@3.1.1 want: 0.6.3
1693 silly fetch manifest safer-buffer@>= 2.1.2 < 3.0.0
1694 silly packumentCache full:https://registry.npmjs.org/safer-buffer cache-miss
1695 http fetch GET 200 https://registry.npmjs.org/safer-buffer 89ms (cache revalidated)
1696 silly packumentCache full:https://registry.npmjs.org/safer-buffer set size:18521 disposed:false
1697 silly placeDep ROOT safer-buffer@2.1.2 OK for: iconv-lite@0.6.3 want: >= 2.1.2 < 3.0.0
1698 silly placeDep ROOT tr46@5.1.1 OK for: whatwg-url@14.2.0 want: ^5.1.0
1699 silly fetch manifest punycode@^2.3.1
1700 silly packumentCache full:https://registry.npmjs.org/punycode cache-miss
1701 http cache https://registry.npmjs.org/punycode 6ms (cache hit)
1702 silly packumentCache full:https://registry.npmjs.org/punycode set size:61278 disposed:false
1703 silly placeDep ROOT punycode@2.3.1 OK for: tr46@5.1.1 want: ^2.3.1
1704 silly placeDep ROOT siginfo@2.0.0 OK for: why-is-node-running@2.3.0 want: ^2.0.0
1705 silly placeDep ROOT stackback@0.0.2 OK for: why-is-node-running@2.3.0 want: 0.0.2
1706 silly reify moves {}
1707 silly audit bulk request {
1707 silly audit   '@testing-library/jest-dom': [ '6.9.1' ],
1707 silly audit   '@testing-library/react': [ '16.3.3' ],
1707 silly audit   react: [ '18.3.1' ],
1707 silly audit   'react-dom': [ '18.3.1' ],
1707 silly audit   '@testing-library/dom': [ '10.4.1' ],
1707 silly audit   '@truefoundry/trueforge-sdk': [ '0.1.3' ],
1707 silly audit   '@types/node': [ '22.20.1' ],
1707 silly audit   '@types/react': [ '18.3.31' ],
1707 silly audit   '@types/react-dom': [ '18.3.7' ],
1707 silly audit   '@vitejs/plugin-react': [ '4.7.0' ],
1707 silly audit   vite: [ '5.4.21' ],
1707 silly audit   '@vitest/ui': [ '2.1.9' ],
1707 silly audit   vitest: [ '2.1.9' ],
1707 silly audit   autoprefixer: [ '10.5.4' ],
1707 silly audit   postcss: [ '8.5.26' ],
1707 silly audit   'class-variance-authority': [ '0.7.1' ],
1707 silly audit   clsx: [ '2.1.1' ],
1707 silly audit   jsdom: [ '25.0.1' ],
1707 silly audit   'lucide-react': [ '0.441.0' ],
1707 silly audit   'react-router-dom': [ '6.30.6' ],
1707 silly audit   'tailwind-merge': [ '2.6.1' ],
1707 silly audit   tailwindcss: [ '3.4.19' ],
1707 silly audit   typescript: [ '5.9.3' ],
1707 silly audit   '@babel/code-frame': [ '7.29.7' ],
1707 silly audit   '@babel/runtime': [ '7.29.7' ],
1707 silly audit   '@types/aria-query': [ '5.0.4' ],
1707 silly audit   'aria-query': [ '5.3.0' ],
1707 silly audit   'dom-accessibility-api': [ '0.5.16', '0.6.3' ],
1707 silly audit   'lz-string': [ '1.5.0' ],
1707 silly audit   picocolors: [ '1.1.1' ],
1707 silly audit   'pretty-format': [ '27.5.1' ],
1707 silly audit   '@babel/helper-validator-identifier': [ '7.29.7' ],
1707 silly audit   'js-tokens': [ '4.0.0' ],
1707 silly audit   '@adobe/css-tools': [ '4.5.0' ],
1707 silly audit   'css.escape': [ '1.5.1' ],
1707 silly audit   redent: [ '3.0.0' ],
1707 silly audit   'undici-types': [ '6.21.0' ],
1707 silly audit   '@types/prop-types': [ '15.7.15' ],
1707 silly audit   csstype: [ '3.2.3' ],
1707 silly audit   '@babel/core': [ '7.29.7' ],
1707 silly audit   '@babel/plugin-transform-react-jsx-self': [ '7.29.7' ],
1707 silly audit   '@babel/plugin-transform-react-jsx-source': [ '7.29.7' ],
1707 silly audit   '@rolldown/pluginutils': [ '1.0.0-beta.27' ],
1707 silly audit   '@types/babel__core': [ '7.20.5' ],
1707 silly audit   'react-refresh': [ '0.17.0' ],
1707 silly audit   '@babel/generator': [ '7.29.8' ],
1707 silly audit   '@babel/helper-compilation-targets': [ '7.29.7' ],
1707 silly audit   '@babel/helper-module-transforms': [ '7.29.7' ],
1707 silly audit   '@babel/helpers': [ '7.29.7' ],
1707 silly audit   '@babel/parser': [ '7.29.8' ],
1707 silly audit   '@babel/template': [ '7.29.7' ],
1707 silly audit   '@babel/traverse': [ '7.29.8' ],
1707 silly audit   '@babel/types': [ '7.29.8' ],
1707 silly audit   '@jridgewell/remapping': [ '2.3.5' ],
1707 silly audit   'convert-source-map': [ '2.0.0' ],
1707 silly audit   debug: [ '4.4.3' ],
1707 silly audit   gensync: [ '1.0.0-beta.2' ],
1707 silly audit   json5: [ '2.2.3' ],
1707 silly audit   semver: [ '6.3.1' ],
1707 silly audit   '@jridgewell/gen-mapping': [ '0.3.13' ],
1707 silly audit   '@jridgewell/trace-mapping': [ '0.3.31' ],
1707 silly audit   jsesc: [ '3.1.0' ],
1707 silly audit   '@babel/compat-data': [ '7.29.7' ],
1707 silly audit   '@babel/helper-validator-option': [ '7.29.7' ],
1707 silly audit   browserslist: [ '4.28.8' ],
1707 silly audit   'lru-cache': [ '5.1.1', '10.4.3' ],
1707 silly audit   '@babel/helper-module-imports': [ '7.29.7' ],
1707 silly audit   '@babel/helper-plugin-utils': [ '7.29.7' ],
1707 silly audit   '@babel/helper-globals': [ '7.29.7' ],
1707 silly audit   '@babel/helper-string-parser': [ '7.29.7' ],
1707 silly audit   '@jridgewell/sourcemap-codec': [ '1.6.0' ],
1707 silly audit   '@jridgewell/resolve-uri': [ '3.1.2' ],
1707 silly audit   '@types/babel__generator': [ '7.27.0' ],
1707 silly audit   '@types/babel__template': [ '7.4.4' ],
1707 silly audit   '@types/babel__traverse': [ '7.28.0' ],
1707 silly audit   '@vitest/utils': [ '2.1.9' ],
1707 silly audit   fflate: [ '0.8.3' ],
1707 silly audit   flatted: [ '3.4.4' ],
1707 silly audit   pathe: [ '1.1.2' ],
1707 silly audit   sirv: [ '3.0.2' ],
1707 silly audit   tinyglobby: [ '0.2.17' ],
1707 silly audit   tinyrainbow: [ '1.2.0' ],
1707 silly audit   '@vitest/pretty-format': [ '2.1.9' ],
1707 silly audit   loupe: [ '3.2.1' ],
1707 silly audit   dequal: [ '2.0.3' ],
1707 silly audit   'caniuse-lite': [ '1.0.30001810' ],
1707 silly audit   'fraction.js': [ '5.3.4' ],
1707 silly audit   'postcss-value-parser': [ '4.2.0' ],
1707 silly audit   'baseline-browser-mapping': [ '2.11.20' ],
1707 silly audit   'electron-to-chromium': [ '1.5.416' ],
1707 silly audit   'node-releases': [ '2.0.54' ],
1707 silly audit   'update-browserslist-db': [ '1.3.2' ],
1707 silly audit   ms: [ '2.1.3' ],
1707 silly audit   cssstyle: [ '4.6.0' ],
1707 silly audit   'data-urls': [ '5.0.0' ],
1707 silly audit   'decimal.js': [ '10.6.0' ],
1707 silly audit   'form-data': [ '4.0.6' ],
1707 silly audit   'html-encoding-sniffer': [ '4.0.0' ],
1707 silly audit   'http-proxy-agent': [ '7.0.2' ],
1707 silly audit   'https-proxy-agent': [ '7.0.6' ],
1707 silly audit   'is-potential-custom-element-name': [ '1.0.1' ],
1707 silly audit   nwsapi: [ '2.2.26' ],
1707 silly audit   parse5: [ '7.3.0' ],
1707 silly audit   'rrweb-cssom': [ '0.7.1', '0.8.0' ],
1707 silly audit   saxes: [ '6.0.0' ],
1707 silly audit   'symbol-tree': [ '3.2.4' ],
1707 silly audit   'tough-cookie': [ '5.1.2' ],
1707 silly audit   'w3c-xmlserializer': [ '5.0.0' ],
1707 silly audit   'webidl-conversions': [ '7.0.0' ],
1707 silly audit   'whatwg-encoding': [ '3.1.1' ],
1707 silly audit   'whatwg-mimetype': [ '4.0.0' ],
1707 silly audit   'whatwg-url': [ '14.2.0' ],
1707 silly audit   ws: [ '8.21.3' ],
1707 silly audit   'xml-name-validator': [ '5.0.0' ],
1707 silly audit   '@asamuzakjp/css-color': [ '3.2.0' ],
1707 silly audit   '@csstools/css-calc': [ '2.1.4' ],
1707 silly audit   '@csstools/css-tokenizer': [ '3.0.4' ],
1707 silly audit   '@csstools/css-parser-algorithms': [ '3.0.5' ],
1707 silly audit   '@csstools/css-color-parser': [ '3.1.0' ],
1707 silly audit   '@csstools/color-helpers': [ '5.1.0' ],
1707 silly audit   asynckit: [ '0.4.0' ],
1707 silly audit   'combined-stream': [ '1.0.8' ],
1707 silly audit   'es-set-tostringtag': [ '2.1.0' ],
1707 silly audit   hasown: [ '2.0.4' ],
1707 silly audit   'mime-types': [ '2.1.35' ],
1707 silly audit   'delayed-stream': [ '1.0.0' ],
1707 silly audit   'es-errors': [ '1.3.0' ],
1707 silly audit   'get-intrinsic': [ '1.3.0' ],
1707 silly audit   'has-tostringtag': [ '1.0.2' ],
1707 silly audit   'call-bind-apply-helpers': [ '1.0.2' ],
1707 silly audit   'es-define-property': [ '1.0.1' ],
1707 silly audit   'es-object-atoms': [ '1.1.2' ],
1707 silly audit   'function-bind': [ '1.1.2' ],
1707 silly audit   'get-proto': [ '1.0.1' ],
1707 silly audit   gopd: [ '1.2.0' ],
1707 silly audit   'has-symbols': [ '1.1.0' ],
1707 silly audit   'math-intrinsics': [ '1.1.0' ],
1707 silly audit   'dunder-proto': [ '1.0.1' ],
1707 silly audit   'agent-base': [ '7.1.4' ],
1707 silly audit   yallist: [ '3.1.1' ],
1707 silly audit   'mime-db': [ '1.52.0' ],
1707 silly audit   entities: [ '6.0.1' ],
1707 silly audit   nanoid: [ '3.3.18' ],
1707 silly audit   'source-map-js': [ '1.2.1' ],
1707 silly audit   'ansi-regex': [ '5.0.1' ],
1707 silly audit   'ansi-styles': [ '5.2.0' ],
1707 silly audit   'react-is': [ '17.0.2' ],
1707 silly audit   'loose-envify': [ '1.4.0' ],
1707 silly audit   scheduler: [ '0.23.2' ],
1707 silly audit   '@remix-run/router': [ '1.23.4' ],
1707 silly audit   'react-router': [ '6.30.6' ],
1707 silly audit   'indent-string': [ '4.0.0' ],
1707 silly audit   'strip-indent': [ '3.0.0' ],
1707 silly audit   xmlchars: [ '2.2.0' ],
1707 silly audit   '@polka/url': [ '1.0.0-next.29' ],
1707 silly audit   mrmime: [ '2.0.1' ],
1707 silly audit   totalist: [ '3.0.1' ],
1707 silly audit   'min-indent': [ '1.0.1' ],
1707 silly audit   '@alloc/quick-lru': [ '5.2.0' ],
1707 silly audit   arg: [ '5.0.2' ],
1707 silly audit   chokidar: [ '3.6.0' ],
1707 silly audit   didyoumean: [ '1.2.2' ],
1707 silly audit   dlv: [ '1.1.3' ],
1707 silly audit   'fast-glob': [ '3.3.3' ],
1707 silly audit   'glob-parent': [ '6.0.2', '5.1.2' ],
1707 silly audit   'is-glob': [ '4.0.3' ],
1707 silly audit   jiti: [ '1.21.7' ],
1707 silly audit   lilconfig: [ '3.1.3' ],
1707 silly audit   micromatch: [ '4.0.8' ],
1707 silly audit   'normalize-path': [ '3.0.0' ],
1707 silly audit   'object-hash': [ '3.0.0' ],
1707 silly audit   'postcss-import': [ '15.1.0' ],
1707 silly audit   'postcss-js': [ '4.1.0' ],
1707 silly audit   'postcss-load-config': [ '6.0.1' ],
1707 silly audit   'postcss-nested': [ '6.2.0' ],
1707 silly audit   'postcss-selector-parser': [ '6.1.4' ],
1707 silly audit   resolve: [ '1.22.12' ],
1707 silly audit   sucrase: [ '3.35.1' ],
1707 silly audit   anymatch: [ '3.1.3' ],
1707 silly audit   braces: [ '3.0.3' ],
1707 silly audit   fsevents: [ '2.3.3' ],
1707 silly audit   'is-binary-path': [ '2.1.0' ],
1707 silly audit   readdirp: [ '3.6.0' ],
1707 silly audit   picomatch: [ '2.3.2', '4.0.7' ],
1707 silly audit   'fill-range': [ '7.1.1' ],
1707 silly audit   '@nodelib/fs.stat': [ '2.0.5' ],
1707 silly audit   '@nodelib/fs.walk': [ '1.2.8' ],
1707 silly audit   merge2: [ '1.4.1' ],
1707 silly audit   '@nodelib/fs.scandir': [ '2.1.5' ],
1707 silly audit   fastq: [ '1.20.3' ],
1707 silly audit   'run-parallel': [ '1.2.0' ],
1707 silly audit   reusify: [ '1.1.0' ],
1707 silly audit   'to-regex-range': [ '5.0.1' ],
1707 silly audit   'binary-extensions': [ '2.3.0' ],
1707 silly audit   'is-extglob': [ '2.1.1' ],
1707 silly audit   'read-cache': [ '1.0.2' ],
1707 silly audit   'camelcase-css': [ '2.0.1' ],
1707 silly audit   cssesc: [ '3.0.0' ],
1707 silly audit   'util-deprecate': [ '1.0.2' ],
1707 silly audit   'is-core-module': [ '2.16.2' ],
1707 silly audit   'path-parse': [ '1.0.7' ],
1707 silly audit   'supports-preserve-symlinks-flag': [ '1.0.0' ],
1707 silly audit   'queue-microtask': [ '1.2.3' ],
1707 silly audit   commander: [ '4.1.1' ],
1707 silly audit   'lines-and-columns': [ '1.2.4' ],
1707 silly audit   mz: [ '2.7.0' ],
1707 silly audit   pirates: [ '4.0.7' ],
1707 silly audit   'ts-interface-checker': [ '0.1.13' ],
1707 silly audit   'any-promise': [ '1.3.0' ],
1707 silly audit   'object-assign': [ '4.1.1' ],
1707 silly audit   'thenify-all': [ '1.6.0' ],
1707 silly audit   thenify: [ '3.3.1' ],
1707 silly audit   fdir: [ '6.5.0' ],
1707 silly audit   'is-number': [ '7.0.0' ],
1707 silly audit   tldts: [ '6.1.86' ],
1707 silly audit   'tldts-core': [ '6.1.86' ],
1707 silly audit   escalade: [ '3.2.0' ],
1707 silly audit   esbuild: [ '0.21.5' ],
1707 silly audit   rollup: [ '4.63.1' ],
1707 silly audit   '@esbuild/aix-ppc64': [ '0.21.5' ],
1707 silly audit   '@esbuild/android-arm': [ '0.21.5' ],
1707 silly audit   '@esbuild/android-arm64': [ '0.21.5' ],
1707 silly audit   '@esbuild/android-x64': [ '0.21.5' ],
1707 silly audit   '@esbuild/darwin-arm64': [ '0.21.5' ],
1707 silly audit   '@esbuild/darwin-x64': [ '0.21.5' ],
1707 silly audit   '@esbuild/freebsd-arm64': [ '0.21.5' ],
1707 silly audit   '@esbuild/freebsd-x64': [ '0.21.5' ],
1707 silly audit   '@esbuild/linux-arm': [ '0.21.5' ],
1707 silly audit   '@esbuild/linux-arm64': [ '0.21.5' ],
1707 silly audit   '@esbuild/linux-ia32': [ '0.21.5' ],
1707 silly audit   '@esbuild/linux-loong64': [ '0.21.5' ],
1707 silly audit   '@esbuild/linux-mips64el': [ '0.21.5' ],
1707 silly audit   '@esbuild/linux-ppc64': [ '0.21.5' ],
1707 silly audit   '@esbuild/linux-riscv64': [ '0.21.5' ],
1707 silly audit   '@esbuild/linux-s390x': [ '0.21.5' ],
1707 silly audit   '@esbuild/linux-x64': [ '0.21.5' ],
1707 silly audit   '@esbuild/netbsd-x64': [ '0.21.5' ],
1707 silly audit   '@esbuild/openbsd-x64': [ '0.21.5' ],
1707 silly audit   '@esbuild/sunos-x64': [ '0.21.5' ],
1707 silly audit   '@esbuild/win32-arm64': [ '0.21.5' ],
1707 silly audit   '@esbuild/win32-ia32': [ '0.21.5' ],
1707 silly audit   '@esbuild/win32-x64': [ '0.21.5' ],
1707 silly audit   '@napi-rs/lzma-linux-x64-gnu': [ '1.5.1' ],
1707 silly audit   '@rollup/rollup-android-arm-eabi': [ '4.63.1' ],
1707 silly audit   '@rollup/rollup-android-arm64': [ '4.63.1' ],
1707 silly audit   '@rollup/rollup-darwin-arm64': [ '4.63.1' ],
1707 silly audit   '@rollup/rollup-darwin-x64': [ '4.63.1' ],
1707 silly audit   '@rollup/rollup-freebsd-arm64': [ '4.63.1' ],
1707 silly audit   '@rollup/rollup-freebsd-x64': [ '4.63.1' ],
1707 silly audit   '@rollup/rollup-linux-arm-gnueabihf': [ '4.63.1' ],
1707 silly audit   '@rollup/rollup-linux-arm-musleabihf': [ '4.63.1' ],
1707 silly audit   '@rollup/rollup-linux-arm64-gnu': [ '4.63.1' ],
1707 silly audit   '@rollup/rollup-linux-arm64-musl': [ '4.63.1' ],
1707 silly audit   '@rollup/rollup-linux-loong64-gnu': [ '4.63.1' ],
1707 silly audit   '@rollup/rollup-linux-loong64-musl': [ '4.63.1' ],
1707 silly audit   '@rollup/rollup-linux-ppc64-gnu': [ '4.63.1' ],
1707 silly audit   '@rollup/rollup-linux-ppc64-musl': [ '4.63.1' ],
1707 silly audit   '@rollup/rollup-linux-riscv64-gnu': [ '4.63.1' ],
1707 silly audit   '@rollup/rollup-linux-riscv64-musl': [ '4.63.1' ],
1707 silly audit   '@rollup/rollup-linux-s390x-gnu': [ '4.63.1' ],
1707 silly audit   '@rollup/rollup-linux-x64-gnu': [ '4.63.1' ],
1707 silly audit   '@rollup/rollup-linux-x64-musl': [ '4.63.1' ],
1707 silly audit   '@rollup/rollup-openbsd-x64': [ '4.63.1' ],
1707 silly audit   '@rollup/rollup-openharmony-arm64': [ '4.63.1' ],
1707 silly audit   '@rollup/rollup-win32-arm64-msvc': [ '4.63.1' ],
1707 silly audit   '@rollup/rollup-win32-ia32-msvc': [ '4.63.1' ],
1707 silly audit   '@rollup/rollup-win32-x64-gnu': [ '4.63.1' ],
1707 silly audit   '@rollup/rollup-win32-x64-msvc': [ '4.63.1' ],
1707 silly audit   '@types/estree': [ '1.0.9' ],
1707 silly audit   '@vitest/expect': [ '2.1.9' ],
1707 silly audit   '@vitest/mocker': [ '2.1.9' ],
1707 silly audit   '@vitest/runner': [ '2.1.9' ],
1707 silly audit   '@vitest/snapshot': [ '2.1.9' ],
1707 silly audit   '@vitest/spy': [ '2.1.9' ],
1707 silly audit   chai: [ '5.3.3' ],
1707 silly audit   'expect-type': [ '1.4.0' ],
1707 silly audit   'magic-string': [ '0.30.21' ],
1707 silly audit   'std-env': [ '3.10.0' ],
1707 silly audit   tinybench: [ '2.9.0' ],
1707 silly audit   tinyexec: [ '0.3.2' ],
1707 silly audit   tinypool: [ '1.1.1' ],
1707 silly audit   'vite-node': [ '2.1.9' ],
1707 silly audit   'why-is-node-running': [ '2.3.0' ],
1707 silly audit   'estree-walker': [ '3.0.3' ],
1707 silly audit   tinyspy: [ '3.0.2' ],
1707 silly audit   'assertion-error': [ '2.0.1' ],
1707 silly audit   'check-error': [ '2.1.3' ],
1707 silly audit   'deep-eql': [ '5.0.2' ],
1707 silly audit   pathval: [ '2.0.1' ],
1707 silly audit   cac: [ '6.7.14' ],
1707 silly audit   'es-module-lexer': [ '1.7.0' ],
1707 silly audit   'iconv-lite': [ '0.6.3' ],
1707 silly audit   'safer-buffer': [ '2.1.2' ],
1707 silly audit   tr46: [ '5.1.1' ],
1707 silly audit   punycode: [ '2.3.1' ],
1707 silly audit   siginfo: [ '2.0.0' ],
1707 silly audit   stackback: [ '0.0.2' ]
1707 silly audit }
1708 http cache siginfo@https://registry.npmjs.org/siginfo/-/siginfo-2.0.0.tgz 0ms (cache hit)
1709 http cache stackback@https://registry.npmjs.org/stackback/-/stackback-0.0.2.tgz 0ms (cache hit)
1710 http cache safer-buffer@https://registry.npmjs.org/safer-buffer/-/safer-buffer-2.1.2.tgz 0ms (cache hit)
1711 http cache tr46@https://registry.npmjs.org/tr46/-/tr46-5.1.1.tgz 0ms (cache hit)
1712 http cache es-module-lexer@https://registry.npmjs.org/es-module-lexer/-/es-module-lexer-1.7.0.tgz 0ms (cache hit)
1713 http cache iconv-lite@https://registry.npmjs.org/iconv-lite/-/iconv-lite-0.6.3.tgz 0ms (cache hit)
1714 http cache deep-eql@https://registry.npmjs.org/deep-eql/-/deep-eql-5.0.2.tgz 0ms (cache hit)
1715 http cache assertion-error@https://registry.npmjs.org/assertion-error/-/assertion-error-2.0.1.tgz 0ms (cache hit)
1716 http cache tinyspy@https://registry.npmjs.org/tinyspy/-/tinyspy-3.0.2.tgz 0ms (cache hit)
1717 http cache check-error@https://registry.npmjs.org/check-error/-/check-error-2.1.3.tgz 0ms (cache hit)
1718 http cache estree-walker@https://registry.npmjs.org/estree-walker/-/estree-walker-3.0.3.tgz 0ms (cache hit)
1719 http cache vite-node@https://registry.npmjs.org/vite-node/-/vite-node-2.1.9.tgz 0ms (cache hit)
1720 http cache pathval@https://registry.npmjs.org/pathval/-/pathval-2.0.1.tgz 0ms (cache hit)
1721 http cache cac@https://registry.npmjs.org/cac/-/cac-6.7.14.tgz 0ms (cache hit)
1722 http cache why-is-node-running@https://registry.npmjs.org/why-is-node-running/-/why-is-node-running-2.3.0.tgz 0ms (cache hit)
1723 http cache tinypool@https://registry.npmjs.org/tinypool/-/tinypool-1.1.1.tgz 0ms (cache hit)
1724 http cache tinyexec@https://registry.npmjs.org/tinyexec/-/tinyexec-0.3.2.tgz 0ms (cache hit)
1725 http cache tinybench@https://registry.npmjs.org/tinybench/-/tinybench-2.9.0.tgz 0ms (cache hit)
1726 http cache punycode@https://registry.npmjs.org/punycode/-/punycode-2.3.1.tgz 0ms (cache hit)
1727 http cache magic-string@https://registry.npmjs.org/magic-string/-/magic-string-0.30.21.tgz 0ms (cache hit)
1728 http cache std-env@https://registry.npmjs.org/std-env/-/std-env-3.10.0.tgz 0ms (cache hit)
1729 http cache expect-type@https://registry.npmjs.org/expect-type/-/expect-type-1.4.0.tgz 0ms (cache hit)
1730 http cache chai@https://registry.npmjs.org/chai/-/chai-5.3.3.tgz 0ms (cache hit)
1731 http cache @vitest/snapshot@https://registry.npmjs.org/@vitest/snapshot/-/snapshot-2.1.9.tgz 0ms (cache hit)
1732 http cache @vitest/spy@https://registry.npmjs.org/@vitest/spy/-/spy-2.1.9.tgz 0ms (cache hit)
1733 http cache @vitest/runner@https://registry.npmjs.org/@vitest/runner/-/runner-2.1.9.tgz 0ms (cache hit)
1734 http cache @vitest/mocker@https://registry.npmjs.org/@vitest/mocker/-/mocker-2.1.9.tgz 0ms (cache hit)
1735 http cache @types/estree@https://registry.npmjs.org/@types/estree/-/estree-1.0.9.tgz 0ms (cache hit)
1736 http cache @vitest/expect@https://registry.npmjs.org/@vitest/expect/-/expect-2.1.9.tgz 0ms (cache hit)
1737 http cache @rollup/rollup-win32-x64-msvc@https://registry.npmjs.org/@rollup/rollup-win32-x64-msvc/-/rollup-win32-x64-msvc-4.63.1.tgz 0ms (cache hit)
1738 http cache @rollup/rollup-win32-x64-gnu@https://registry.npmjs.org/@rollup/rollup-win32-x64-gnu/-/rollup-win32-x64-gnu-4.63.1.tgz 0ms (cache hit)
1739 http cache @esbuild/win32-x64@https://registry.npmjs.org/@esbuild/win32-x64/-/win32-x64-0.21.5.tgz 0ms (cache hit)
1740 http cache rollup@https://registry.npmjs.org/rollup/-/rollup-4.63.1.tgz 0ms (cache hit)
1741 http cache esbuild@https://registry.npmjs.org/esbuild/-/esbuild-0.21.5.tgz 0ms (cache hit)
1742 http cache tldts-core@https://registry.npmjs.org/tldts-core/-/tldts-core-6.1.86.tgz 0ms (cache hit)
1743 http cache tldts@https://registry.npmjs.org/tldts/-/tldts-6.1.86.tgz 0ms (cache hit)
1744 http cache thenify@https://registry.npmjs.org/thenify/-/thenify-3.3.1.tgz 0ms (cache hit)
1745 http cache is-number@https://registry.npmjs.org/is-number/-/is-number-7.0.0.tgz 0ms (cache hit)
1746 http cache any-promise@https://registry.npmjs.org/any-promise/-/any-promise-1.3.0.tgz 0ms (cache hit)
1747 http cache thenify-all@https://registry.npmjs.org/thenify-all/-/thenify-all-1.6.0.tgz 0ms (cache hit)
1748 http cache object-assign@https://registry.npmjs.org/object-assign/-/object-assign-4.1.1.tgz 0ms (cache hit)
1749 http cache ts-interface-checker@https://registry.npmjs.org/ts-interface-checker/-/ts-interface-checker-0.1.13.tgz 0ms (cache hit)
1750 http cache lines-and-columns@https://registry.npmjs.org/lines-and-columns/-/lines-and-columns-1.2.4.tgz 0ms (cache hit)
1751 http cache mz@https://registry.npmjs.org/mz/-/mz-2.7.0.tgz 0ms (cache hit)
1752 http cache commander@https://registry.npmjs.org/commander/-/commander-4.1.1.tgz 0ms (cache hit)
1753 http cache queue-microtask@https://registry.npmjs.org/queue-microtask/-/queue-microtask-1.2.3.tgz 0ms (cache hit)
1754 http cache pirates@https://registry.npmjs.org/pirates/-/pirates-4.0.7.tgz 0ms (cache hit)
1755 http cache supports-preserve-symlinks-flag@https://registry.npmjs.org/supports-preserve-symlinks-flag/-/supports-preserve-symlinks-flag-1.0.0.tgz 0ms (cache hit)
1756 http cache path-parse@https://registry.npmjs.org/path-parse/-/path-parse-1.0.7.tgz 0ms (cache hit)
1757 http cache escalade@https://registry.npmjs.org/escalade/-/escalade-3.2.0.tgz 0ms (cache hit)
1758 http cache is-core-module@https://registry.npmjs.org/is-core-module/-/is-core-module-2.16.2.tgz 0ms (cache hit)
1759 http cache util-deprecate@https://registry.npmjs.org/util-deprecate/-/util-deprecate-1.0.2.tgz 0ms (cache hit)
1760 http cache cssesc@https://registry.npmjs.org/cssesc/-/cssesc-3.0.0.tgz 0ms (cache hit)
1761 http cache read-cache@https://registry.npmjs.org/read-cache/-/read-cache-1.0.2.tgz 0ms (cache hit)
1762 http cache camelcase-css@https://registry.npmjs.org/camelcase-css/-/camelcase-css-2.0.1.tgz 0ms (cache hit)
1763 http cache is-extglob@https://registry.npmjs.org/is-extglob/-/is-extglob-2.1.1.tgz 0ms (cache hit)
1764 http cache binary-extensions@https://registry.npmjs.org/binary-extensions/-/binary-extensions-2.3.0.tgz 0ms (cache hit)
1765 http cache to-regex-range@https://registry.npmjs.org/to-regex-range/-/to-regex-range-5.0.1.tgz 0ms (cache hit)
1766 http cache reusify@https://registry.npmjs.org/reusify/-/reusify-1.1.0.tgz 0ms (cache hit)
1767 http cache run-parallel@https://registry.npmjs.org/run-parallel/-/run-parallel-1.2.0.tgz 0ms (cache hit)
1768 http cache fastq@https://registry.npmjs.org/fastq/-/fastq-1.20.3.tgz 0ms (cache hit)
1769 http cache merge2@https://registry.npmjs.org/merge2/-/merge2-1.4.1.tgz 0ms (cache hit)
1770 http cache picomatch@https://registry.npmjs.org/picomatch/-/picomatch-2.3.2.tgz 0ms (cache hit)
1771 http cache fill-range@https://registry.npmjs.org/fill-range/-/fill-range-7.1.1.tgz 0ms (cache hit)
1772 http cache @nodelib/fs.scandir@https://registry.npmjs.org/@nodelib/fs.scandir/-/fs.scandir-2.1.5.tgz 0ms (cache hit)
1773 http cache @nodelib/fs.stat@https://registry.npmjs.org/@nodelib/fs.stat/-/fs.stat-2.0.5.tgz 0ms (cache hit)
1774 http cache @nodelib/fs.walk@https://registry.npmjs.org/@nodelib/fs.walk/-/fs.walk-1.2.8.tgz 0ms (cache hit)
1775 http cache readdirp@https://registry.npmjs.org/readdirp/-/readdirp-3.6.0.tgz 0ms (cache hit)
1776 http cache braces@https://registry.npmjs.org/braces/-/braces-3.0.3.tgz 0ms (cache hit)
1777 http cache is-binary-path@https://registry.npmjs.org/is-binary-path/-/is-binary-path-2.1.0.tgz 0ms (cache hit)
1778 http cache anymatch@https://registry.npmjs.org/anymatch/-/anymatch-3.1.3.tgz 0ms (cache hit)
1779 http cache sucrase@https://registry.npmjs.org/sucrase/-/sucrase-3.35.1.tgz 0ms (cache hit)
1780 http cache resolve@https://registry.npmjs.org/resolve/-/resolve-1.22.12.tgz 0ms (cache hit)
1781 http cache postcss-nested@https://registry.npmjs.org/postcss-nested/-/postcss-nested-6.2.0.tgz 0ms (cache hit)
1782 http cache postcss-selector-parser@https://registry.npmjs.org/postcss-selector-parser/-/postcss-selector-parser-6.1.4.tgz 0ms (cache hit)
1783 http cache postcss-load-config@https://registry.npmjs.org/postcss-load-config/-/postcss-load-config-6.0.1.tgz 0ms (cache hit)
1784 http cache postcss-import@https://registry.npmjs.org/postcss-import/-/postcss-import-15.1.0.tgz 0ms (cache hit)
1785 http cache postcss-js@https://registry.npmjs.org/postcss-js/-/postcss-js-4.1.0.tgz 0ms (cache hit)
1786 http cache object-hash@https://registry.npmjs.org/object-hash/-/object-hash-3.0.0.tgz 0ms (cache hit)
1787 http cache micromatch@https://registry.npmjs.org/micromatch/-/micromatch-4.0.8.tgz 0ms (cache hit)
1788 http cache lilconfig@https://registry.npmjs.org/lilconfig/-/lilconfig-3.1.3.tgz 0ms (cache hit)
1789 http cache is-glob@https://registry.npmjs.org/is-glob/-/is-glob-4.0.3.tgz 0ms (cache hit)
1790 http cache jiti@https://registry.npmjs.org/jiti/-/jiti-1.21.7.tgz 0ms (cache hit)
1791 http cache fast-glob@https://registry.npmjs.org/fast-glob/-/fast-glob-3.3.3.tgz 0ms (cache hit)
1792 http cache glob-parent@https://registry.npmjs.org/glob-parent/-/glob-parent-6.0.2.tgz 0ms (cache hit)
1793 http cache dlv@https://registry.npmjs.org/dlv/-/dlv-1.1.3.tgz 0ms (cache hit)
1794 http cache didyoumean@https://registry.npmjs.org/didyoumean/-/didyoumean-1.2.2.tgz 0ms (cache hit)
1795 http cache normalize-path@https://registry.npmjs.org/normalize-path/-/normalize-path-3.0.0.tgz 0ms (cache hit)
1796 http cache chokidar@https://registry.npmjs.org/chokidar/-/chokidar-3.6.0.tgz 0ms (cache hit)
1797 http cache @alloc/quick-lru@https://registry.npmjs.org/@alloc/quick-lru/-/quick-lru-5.2.0.tgz 0ms (cache hit)
1798 http cache @polka/url@https://registry.npmjs.org/@polka/url/-/url-1.0.0-next.29.tgz 0ms (cache hit)
1799 http cache arg@https://registry.npmjs.org/arg/-/arg-5.0.2.tgz 0ms (cache hit)
1800 http cache min-indent@https://registry.npmjs.org/min-indent/-/min-indent-1.0.1.tgz 0ms (cache hit)
1801 http cache totalist@https://registry.npmjs.org/totalist/-/totalist-3.0.1.tgz 0ms (cache hit)
1802 http cache indent-string@https://registry.npmjs.org/indent-string/-/indent-string-4.0.0.tgz 0ms (cache hit)
1803 http cache xmlchars@https://registry.npmjs.org/xmlchars/-/xmlchars-2.2.0.tgz 0ms (cache hit)
1804 http cache react-router@https://registry.npmjs.org/react-router/-/react-router-6.30.6.tgz 0ms (cache hit)
1805 http cache mrmime@https://registry.npmjs.org/mrmime/-/mrmime-2.0.1.tgz 0ms (cache hit)
1806 http cache strip-indent@https://registry.npmjs.org/strip-indent/-/strip-indent-3.0.0.tgz 0ms (cache hit)
1807 http cache scheduler@https://registry.npmjs.org/scheduler/-/scheduler-0.23.2.tgz 0ms (cache hit)
1808 http cache loose-envify@https://registry.npmjs.org/loose-envify/-/loose-envify-1.4.0.tgz 0ms (cache hit)
1809 http cache @remix-run/router@https://registry.npmjs.org/@remix-run/router/-/router-1.23.4.tgz 0ms (cache hit)
1810 http cache react-is@https://registry.npmjs.org/react-is/-/react-is-17.0.2.tgz 0ms (cache hit)
1811 http cache ansi-regex@https://registry.npmjs.org/ansi-regex/-/ansi-regex-5.0.1.tgz 0ms (cache hit)
1812 http cache ansi-styles@https://registry.npmjs.org/ansi-styles/-/ansi-styles-5.2.0.tgz 0ms (cache hit)
1813 http cache source-map-js@https://registry.npmjs.org/source-map-js/-/source-map-js-1.2.1.tgz 0ms (cache hit)
1814 http cache nanoid@https://registry.npmjs.org/nanoid/-/nanoid-3.3.18.tgz 0ms (cache hit)
1815 http cache mime-db@https://registry.npmjs.org/mime-db/-/mime-db-1.52.0.tgz 0ms (cache hit)
1816 http cache entities@https://registry.npmjs.org/entities/-/entities-6.0.1.tgz 0ms (cache hit)
1817 http cache yallist@https://registry.npmjs.org/yallist/-/yallist-3.1.1.tgz 0ms (cache hit)
1818 http cache agent-base@https://registry.npmjs.org/agent-base/-/agent-base-7.1.4.tgz 0ms (cache hit)
1819 http cache math-intrinsics@https://registry.npmjs.org/math-intrinsics/-/math-intrinsics-1.1.0.tgz 0ms (cache hit)
1820 http cache has-symbols@https://registry.npmjs.org/has-symbols/-/has-symbols-1.1.0.tgz 0ms (cache hit)
1821 http cache dunder-proto@https://registry.npmjs.org/dunder-proto/-/dunder-proto-1.0.1.tgz 0ms (cache hit)
1822 http cache get-proto@https://registry.npmjs.org/get-proto/-/get-proto-1.0.1.tgz 0ms (cache hit)
1823 http cache gopd@https://registry.npmjs.org/gopd/-/gopd-1.2.0.tgz 0ms (cache hit)
1824 http cache es-define-property@https://registry.npmjs.org/es-define-property/-/es-define-property-1.0.1.tgz 0ms (cache hit)
1825 http cache function-bind@https://registry.npmjs.org/function-bind/-/function-bind-1.1.2.tgz 0ms (cache hit)
1826 http cache es-object-atoms@https://registry.npmjs.org/es-object-atoms/-/es-object-atoms-1.1.2.tgz 0ms (cache hit)
1827 http cache call-bind-apply-helpers@https://registry.npmjs.org/call-bind-apply-helpers/-/call-bind-apply-helpers-1.0.2.tgz 0ms (cache hit)
1828 http cache get-intrinsic@https://registry.npmjs.org/get-intrinsic/-/get-intrinsic-1.3.0.tgz 0ms (cache hit)
1829 http cache has-tostringtag@https://registry.npmjs.org/has-tostringtag/-/has-tostringtag-1.0.2.tgz 0ms (cache hit)
1830 http cache es-errors@https://registry.npmjs.org/es-errors/-/es-errors-1.3.0.tgz 0ms (cache hit)
1831 http cache mime-types@https://registry.npmjs.org/mime-types/-/mime-types-2.1.35.tgz 0ms (cache hit)
1832 http cache delayed-stream@https://registry.npmjs.org/delayed-stream/-/delayed-stream-1.0.0.tgz 0ms (cache hit)
1833 http cache es-set-tostringtag@https://registry.npmjs.org/es-set-tostringtag/-/es-set-tostringtag-2.1.0.tgz 0ms (cache hit)
1834 http cache combined-stream@https://registry.npmjs.org/combined-stream/-/combined-stream-1.0.8.tgz 0ms (cache hit)
1835 http cache hasown@https://registry.npmjs.org/hasown/-/hasown-2.0.4.tgz 0ms (cache hit)
1836 http cache asynckit@https://registry.npmjs.org/asynckit/-/asynckit-0.4.0.tgz 0ms (cache hit)
1837 http cache @csstools/color-helpers@https://registry.npmjs.org/@csstools/color-helpers/-/color-helpers-5.1.0.tgz 0ms (cache hit)
1838 http cache @csstools/css-color-parser@https://registry.npmjs.org/@csstools/css-color-parser/-/css-color-parser-3.1.0.tgz 0ms (cache hit)
1839 http cache @csstools/css-parser-algorithms@https://registry.npmjs.org/@csstools/css-parser-algorithms/-/css-parser-algorithms-3.0.5.tgz 0ms (cache hit)
1840 http cache @csstools/css-tokenizer@https://registry.npmjs.org/@csstools/css-tokenizer/-/css-tokenizer-3.0.4.tgz 0ms (cache hit)
1841 http cache @csstools/css-calc@https://registry.npmjs.org/@csstools/css-calc/-/css-calc-2.1.4.tgz 0ms (cache hit)
1842 http cache xml-name-validator@https://registry.npmjs.org/xml-name-validator/-/xml-name-validator-5.0.0.tgz 0ms (cache hit)
1843 http cache @asamuzakjp/css-color@https://registry.npmjs.org/@asamuzakjp/css-color/-/css-color-3.2.0.tgz 0ms (cache hit)
1844 http cache ws@https://registry.npmjs.org/ws/-/ws-8.21.3.tgz 0ms (cache hit)
1845 http cache whatwg-url@https://registry.npmjs.org/whatwg-url/-/whatwg-url-14.2.0.tgz 0ms (cache hit)
1846 http cache whatwg-encoding@https://registry.npmjs.org/whatwg-encoding/-/whatwg-encoding-3.1.1.tgz 0ms (cache hit)
1847 http cache whatwg-mimetype@https://registry.npmjs.org/whatwg-mimetype/-/whatwg-mimetype-4.0.0.tgz 0ms (cache hit)
1848 http cache webidl-conversions@https://registry.npmjs.org/webidl-conversions/-/webidl-conversions-7.0.0.tgz 0ms (cache hit)
1849 http cache w3c-xmlserializer@https://registry.npmjs.org/w3c-xmlserializer/-/w3c-xmlserializer-5.0.0.tgz 0ms (cache hit)
1850 http cache tough-cookie@https://registry.npmjs.org/tough-cookie/-/tough-cookie-5.1.2.tgz 0ms (cache hit)
1851 http cache symbol-tree@https://registry.npmjs.org/symbol-tree/-/symbol-tree-3.2.4.tgz 0ms (cache hit)
1852 http cache rrweb-cssom@https://registry.npmjs.org/rrweb-cssom/-/rrweb-cssom-0.7.1.tgz 0ms (cache hit)
1853 http cache saxes@https://registry.npmjs.org/saxes/-/saxes-6.0.0.tgz 0ms (cache hit)
1854 http cache parse5@https://registry.npmjs.org/parse5/-/parse5-7.3.0.tgz 0ms (cache hit)
1855 http cache nwsapi@https://registry.npmjs.org/nwsapi/-/nwsapi-2.2.26.tgz 0ms (cache hit)
1856 http cache https-proxy-agent@https://registry.npmjs.org/https-proxy-agent/-/https-proxy-agent-7.0.6.tgz 0ms (cache hit)
1857 http cache is-potential-custom-element-name@https://registry.npmjs.org/is-potential-custom-element-name/-/is-potential-custom-element-name-1.0.1.tgz 0ms (cache hit)
1858 http cache http-proxy-agent@https://registry.npmjs.org/http-proxy-agent/-/http-proxy-agent-7.0.2.tgz 0ms (cache hit)
1859 http cache html-encoding-sniffer@https://registry.npmjs.org/html-encoding-sniffer/-/html-encoding-sniffer-4.0.0.tgz 0ms (cache hit)
1860 http cache data-urls@https://registry.npmjs.org/data-urls/-/data-urls-5.0.0.tgz 0ms (cache hit)
1861 http cache form-data@https://registry.npmjs.org/form-data/-/form-data-4.0.6.tgz 0ms (cache hit)
1862 http cache cssstyle@https://registry.npmjs.org/cssstyle/-/cssstyle-4.6.0.tgz 0ms (cache hit)
1863 http cache decimal.js@https://registry.npmjs.org/decimal.js/-/decimal.js-10.6.0.tgz 0ms (cache hit)
1864 http cache node-releases@https://registry.npmjs.org/node-releases/-/node-releases-2.0.54.tgz 0ms (cache hit)
1865 http cache ms@https://registry.npmjs.org/ms/-/ms-2.1.3.tgz 0ms (cache hit)
1866 http cache update-browserslist-db@https://registry.npmjs.org/update-browserslist-db/-/update-browserslist-db-1.3.2.tgz 0ms (cache hit)
1867 http cache electron-to-chromium@https://registry.npmjs.org/electron-to-chromium/-/electron-to-chromium-1.5.416.tgz 0ms (cache hit)
1868 http cache baseline-browser-mapping@https://registry.npmjs.org/baseline-browser-mapping/-/baseline-browser-mapping-2.11.20.tgz 0ms (cache hit)
1869 http cache postcss-value-parser@https://registry.npmjs.org/postcss-value-parser/-/postcss-value-parser-4.2.0.tgz 0ms (cache hit)
1870 http cache @vitest/pretty-format@https://registry.npmjs.org/@vitest/pretty-format/-/pretty-format-2.1.9.tgz 0ms (cache hit)
1871 http cache fraction.js@https://registry.npmjs.org/fraction.js/-/fraction.js-5.3.4.tgz 0ms (cache hit)
1872 http cache dequal@https://registry.npmjs.org/dequal/-/dequal-2.0.3.tgz 0ms (cache hit)
1873 http cache caniuse-lite@https://registry.npmjs.org/caniuse-lite/-/caniuse-lite-1.0.30001810.tgz 0ms (cache hit)
1874 http cache loupe@https://registry.npmjs.org/loupe/-/loupe-3.2.1.tgz 0ms (cache hit)
1875 http cache tinyrainbow@https://registry.npmjs.org/tinyrainbow/-/tinyrainbow-1.2.0.tgz 0ms (cache hit)
1876 http cache tinyglobby@https://registry.npmjs.org/tinyglobby/-/tinyglobby-0.2.17.tgz 0ms (cache hit)
1877 http cache sirv@https://registry.npmjs.org/sirv/-/sirv-3.0.2.tgz 0ms (cache hit)
1878 http cache pathe@https://registry.npmjs.org/pathe/-/pathe-1.1.2.tgz 0ms (cache hit)
1879 http cache @vitest/utils@https://registry.npmjs.org/@vitest/utils/-/utils-2.1.9.tgz 0ms (cache hit)
1880 http cache flatted@https://registry.npmjs.org/flatted/-/flatted-3.4.4.tgz 0ms (cache hit)
1881 http cache fflate@https://registry.npmjs.org/fflate/-/fflate-0.8.3.tgz 0ms (cache hit)
1882 http cache @types/babel__traverse@https://registry.npmjs.org/@types/babel__traverse/-/babel__traverse-7.28.0.tgz 0ms (cache hit)
1883 http cache @jridgewell/resolve-uri@https://registry.npmjs.org/@jridgewell/resolve-uri/-/resolve-uri-3.1.2.tgz 0ms (cache hit)
1884 http cache @types/babel__template@https://registry.npmjs.org/@types/babel__template/-/babel__template-7.4.4.tgz 0ms (cache hit)
1885 http cache @jridgewell/sourcemap-codec@https://registry.npmjs.org/@jridgewell/sourcemap-codec/-/sourcemap-codec-1.6.0.tgz 0ms (cache hit)
1886 http cache @babel/helper-string-parser@https://registry.npmjs.org/@babel/helper-string-parser/-/helper-string-parser-7.29.7.tgz 0ms (cache hit)
1887 http cache @babel/helper-plugin-utils@https://registry.npmjs.org/@babel/helper-plugin-utils/-/helper-plugin-utils-7.29.7.tgz 0ms (cache hit)
1888 http cache @babel/helper-globals@https://registry.npmjs.org/@babel/helper-globals/-/helper-globals-7.29.7.tgz 0ms (cache hit)
1889 http cache @types/babel__generator@https://registry.npmjs.org/@types/babel__generator/-/babel__generator-7.27.0.tgz 0ms (cache hit)
1890 http cache lru-cache@https://registry.npmjs.org/lru-cache/-/lru-cache-5.1.1.tgz 0ms (cache hit)
1891 http cache @babel/helper-module-imports@https://registry.npmjs.org/@babel/helper-module-imports/-/helper-module-imports-7.29.7.tgz 0ms (cache hit)
1892 http cache browserslist@https://registry.npmjs.org/browserslist/-/browserslist-4.28.8.tgz 0ms (cache hit)
1893 http cache jsesc@https://registry.npmjs.org/jsesc/-/jsesc-3.1.0.tgz 0ms (cache hit)
1894 http cache @babel/helper-validator-option@https://registry.npmjs.org/@babel/helper-validator-option/-/helper-validator-option-7.29.7.tgz 0ms (cache hit)
1895 http cache @babel/compat-data@https://registry.npmjs.org/@babel/compat-data/-/compat-data-7.29.7.tgz 0ms (cache hit)
1896 http cache @jridgewell/trace-mapping@https://registry.npmjs.org/@jridgewell/trace-mapping/-/trace-mapping-0.3.31.tgz 0ms (cache hit)
1897 http cache json5@https://registry.npmjs.org/json5/-/json5-2.2.3.tgz 0ms (cache hit)
1898 http cache @jridgewell/gen-mapping@https://registry.npmjs.org/@jridgewell/gen-mapping/-/gen-mapping-0.3.13.tgz 0ms (cache hit)
1899 http cache semver@https://registry.npmjs.org/semver/-/semver-6.3.1.tgz 0ms (cache hit)
1900 http cache @jridgewell/remapping@https://registry.npmjs.org/@jridgewell/remapping/-/remapping-2.3.5.tgz 0ms (cache hit)
1901 http cache gensync@https://registry.npmjs.org/gensync/-/gensync-1.0.0-beta.2.tgz 0ms (cache hit)
1902 http cache convert-source-map@https://registry.npmjs.org/convert-source-map/-/convert-source-map-2.0.0.tgz 0ms (cache hit)
1903 http cache debug@https://registry.npmjs.org/debug/-/debug-4.4.3.tgz 0ms (cache hit)
1904 http cache @babel/types@https://registry.npmjs.org/@babel/types/-/types-7.29.8.tgz 0ms (cache hit)
1905 http cache @babel/parser@https://registry.npmjs.org/@babel/parser/-/parser-7.29.8.tgz 0ms (cache hit)
1906 http cache @babel/traverse@https://registry.npmjs.org/@babel/traverse/-/traverse-7.29.8.tgz 0ms (cache hit)
1907 http cache @babel/helpers@https://registry.npmjs.org/@babel/helpers/-/helpers-7.29.7.tgz 0ms (cache hit)
1908 http cache react-refresh@https://registry.npmjs.org/react-refresh/-/react-refresh-0.17.0.tgz 0ms (cache hit)
1909 http cache @babel/helper-module-transforms@https://registry.npmjs.org/@babel/helper-module-transforms/-/helper-module-transforms-7.29.7.tgz 0ms (cache hit)
1910 http cache @babel/helper-compilation-targets@https://registry.npmjs.org/@babel/helper-compilation-targets/-/helper-compilation-targets-7.29.7.tgz 0ms (cache hit)
1911 http cache @babel/generator@https://registry.npmjs.org/@babel/generator/-/generator-7.29.8.tgz 0ms (cache hit)
1912 http cache @types/babel__core@https://registry.npmjs.org/@types/babel__core/-/babel__core-7.20.5.tgz 0ms (cache hit)
1913 http cache csstype@https://registry.npmjs.org/csstype/-/csstype-3.2.3.tgz 0ms (cache hit)
1914 http cache @rolldown/pluginutils@https://registry.npmjs.org/@rolldown/pluginutils/-/pluginutils-1.0.0-beta.27.tgz 0ms (cache hit)
1915 http cache @babel/plugin-transform-react-jsx-source@https://registry.npmjs.org/@babel/plugin-transform-react-jsx-source/-/plugin-transform-react-jsx-source-7.29.7.tgz 0ms (cache hit)
1916 http cache @types/prop-types@https://registry.npmjs.org/@types/prop-types/-/prop-types-15.7.15.tgz 0ms (cache hit)
1917 http cache @babel/plugin-transform-react-jsx-self@https://registry.npmjs.org/@babel/plugin-transform-react-jsx-self/-/plugin-transform-react-jsx-self-7.29.7.tgz 0ms (cache hit)
1918 http cache undici-types@https://registry.npmjs.org/undici-types/-/undici-types-6.21.0.tgz 0ms (cache hit)
1919 http cache @babel/core@https://registry.npmjs.org/@babel/core/-/core-7.29.7.tgz 0ms (cache hit)
1920 http cache redent@https://registry.npmjs.org/redent/-/redent-3.0.0.tgz 0ms (cache hit)
1921 http cache @adobe/css-tools@https://registry.npmjs.org/@adobe/css-tools/-/css-tools-4.5.0.tgz 0ms (cache hit)
1922 http cache @babel/helper-validator-identifier@https://registry.npmjs.org/@babel/helper-validator-identifier/-/helper-validator-identifier-7.29.7.tgz 0ms (cache hit)
1923 http cache css.escape@https://registry.npmjs.org/css.escape/-/css.escape-1.5.1.tgz 0ms (cache hit)
1924 http cache js-tokens@https://registry.npmjs.org/js-tokens/-/js-tokens-4.0.0.tgz 0ms (cache hit)
1925 http cache @babel/template@https://registry.npmjs.org/@babel/template/-/template-7.29.7.tgz 0ms (cache hit)
1926 http cache picocolors@https://registry.npmjs.org/picocolors/-/picocolors-1.1.1.tgz 0ms (cache hit)
1927 http cache pretty-format@https://registry.npmjs.org/pretty-format/-/pretty-format-27.5.1.tgz 0ms (cache hit)
1928 http cache lz-string@https://registry.npmjs.org/lz-string/-/lz-string-1.5.0.tgz 0ms (cache hit)
1929 http cache @types/aria-query@https://registry.npmjs.org/@types/aria-query/-/aria-query-5.0.4.tgz 0ms (cache hit)
1930 http cache dom-accessibility-api@https://registry.npmjs.org/dom-accessibility-api/-/dom-accessibility-api-0.5.16.tgz 0ms (cache hit)
1931 http cache aria-query@https://registry.npmjs.org/aria-query/-/aria-query-5.3.0.tgz 0ms (cache hit)
1932 http cache @babel/runtime@https://registry.npmjs.org/@babel/runtime/-/runtime-7.29.7.tgz 0ms (cache hit)
1933 http cache @babel/code-frame@https://registry.npmjs.org/@babel/code-frame/-/code-frame-7.29.7.tgz 0ms (cache hit)
1934 http cache typescript@https://registry.npmjs.org/typescript/-/typescript-5.9.3.tgz 0ms (cache hit)
1935 http cache tailwindcss@https://registry.npmjs.org/tailwindcss/-/tailwindcss-3.4.19.tgz 0ms (cache hit)
1936 http cache react-router-dom@https://registry.npmjs.org/react-router-dom/-/react-router-dom-6.30.6.tgz 0ms (cache hit)
1937 http cache tailwind-merge@https://registry.npmjs.org/tailwind-merge/-/tailwind-merge-2.6.1.tgz 0ms (cache hit)
1938 http cache lucide-react@https://registry.npmjs.org/lucide-react/-/lucide-react-0.441.0.tgz 0ms (cache hit)
1939 http cache jsdom@https://registry.npmjs.org/jsdom/-/jsdom-25.0.1.tgz 0ms (cache hit)
1940 http cache class-variance-authority@https://registry.npmjs.org/class-variance-authority/-/class-variance-authority-0.7.1.tgz 0ms (cache hit)
1941 http cache clsx@https://registry.npmjs.org/clsx/-/clsx-2.1.1.tgz 0ms (cache hit)
1942 http cache postcss@https://registry.npmjs.org/postcss/-/postcss-8.5.26.tgz 0ms (cache hit)
1943 http cache vitest@https://registry.npmjs.org/vitest/-/vitest-2.1.9.tgz 0ms (cache hit)
1944 http cache @vitest/ui@https://registry.npmjs.org/@vitest/ui/-/ui-2.1.9.tgz 0ms (cache hit)
1945 http cache autoprefixer@https://registry.npmjs.org/autoprefixer/-/autoprefixer-10.5.4.tgz 0ms (cache hit)
1946 http cache vite@https://registry.npmjs.org/vite/-/vite-5.4.21.tgz 0ms (cache hit)
1947 http cache @vitejs/plugin-react@https://registry.npmjs.org/@vitejs/plugin-react/-/plugin-react-4.7.0.tgz 0ms (cache hit)
1948 http cache @types/react-dom@https://registry.npmjs.org/@types/react-dom/-/react-dom-18.3.7.tgz 0ms (cache hit)
1949 http cache @types/react@https://registry.npmjs.org/@types/react/-/react-18.3.31.tgz 0ms (cache hit)
1950 http cache @types/node@https://registry.npmjs.org/@types/node/-/node-22.20.1.tgz 0ms (cache hit)
1951 http cache @truefoundry/trueforge-sdk@https://registry.npmjs.org/@truefoundry/trueforge-sdk/-/trueforge-sdk-0.1.3.tgz 0ms (cache hit)
1952 http cache react-dom@https://registry.npmjs.org/react-dom/-/react-dom-18.3.1.tgz 0ms (cache hit)
1953 http cache react@https://registry.npmjs.org/react/-/react-18.3.1.tgz 0ms (cache hit)
1954 http cache @testing-library/dom@https://registry.npmjs.org/@testing-library/dom/-/dom-10.4.1.tgz 0ms (cache hit)
1955 http cache glob-parent@https://registry.npmjs.org/glob-parent/-/glob-parent-5.1.2.tgz 0ms (cache hit)
1956 http cache @testing-library/react@https://registry.npmjs.org/@testing-library/react/-/react-16.3.3.tgz 0ms (cache hit)
1957 http cache @testing-library/jest-dom@https://registry.npmjs.org/@testing-library/jest-dom/-/jest-dom-6.9.1.tgz 0ms (cache hit)
1958 http cache lru-cache@https://registry.npmjs.org/lru-cache/-/lru-cache-10.4.3.tgz 0ms (cache hit)
1959 http cache glob-parent@https://registry.npmjs.org/glob-parent/-/glob-parent-5.1.2.tgz 0ms (cache hit)
1960 http cache fdir@https://registry.npmjs.org/fdir/-/fdir-6.5.0.tgz 0ms (cache hit)
1961 http cache rrweb-cssom@https://registry.npmjs.org/rrweb-cssom/-/rrweb-cssom-0.8.0.tgz 0ms (cache hit)
1962 http cache picomatch@https://registry.npmjs.org/picomatch/-/picomatch-4.0.7.tgz 0ms (cache hit)
1963 silly tarball no local data for siginfo@https://registry.npmjs.org/siginfo/-/siginfo-2.0.0.tgz. Extracting by manifest.
1964 silly tarball no local data for stackback@https://registry.npmjs.org/stackback/-/stackback-0.0.2.tgz. Extracting by manifest.
1965 silly tarball no local data for tr46@https://registry.npmjs.org/tr46/-/tr46-5.1.1.tgz. Extracting by manifest.
1966 silly tarball no local data for es-module-lexer@https://registry.npmjs.org/es-module-lexer/-/es-module-lexer-1.7.0.tgz. Extracting by manifest.
1967 silly tarball no local data for iconv-lite@https://registry.npmjs.org/iconv-lite/-/iconv-lite-0.6.3.tgz. Extracting by manifest.
1968 silly tarball no local data for deep-eql@https://registry.npmjs.org/deep-eql/-/deep-eql-5.0.2.tgz. Extracting by manifest.
1969 silly tarball no local data for assertion-error@https://registry.npmjs.org/assertion-error/-/assertion-error-2.0.1.tgz. Extracting by manifest.
1970 silly tarball no local data for tinyspy@https://registry.npmjs.org/tinyspy/-/tinyspy-3.0.2.tgz. Extracting by manifest.
1971 silly tarball no local data for check-error@https://registry.npmjs.org/check-error/-/check-error-2.1.3.tgz. Extracting by manifest.
1972 silly tarball no local data for estree-walker@https://registry.npmjs.org/estree-walker/-/estree-walker-3.0.3.tgz. Extracting by manifest.
1973 silly tarball no local data for vite-node@https://registry.npmjs.org/vite-node/-/vite-node-2.1.9.tgz. Extracting by manifest.
1974 silly tarball no local data for pathval@https://registry.npmjs.org/pathval/-/pathval-2.0.1.tgz. Extracting by manifest.
1975 silly tarball no local data for cac@https://registry.npmjs.org/cac/-/cac-6.7.14.tgz. Extracting by manifest.
1976 silly tarball no local data for why-is-node-running@https://registry.npmjs.org/why-is-node-running/-/why-is-node-running-2.3.0.tgz. Extracting by manifest.
1977 silly tarball no local data for tinypool@https://registry.npmjs.org/tinypool/-/tinypool-1.1.1.tgz. Extracting by manifest.
1978 silly tarball no local data for tinyexec@https://registry.npmjs.org/tinyexec/-/tinyexec-0.3.2.tgz. Extracting by manifest.
1979 silly tarball no local data for tinybench@https://registry.npmjs.org/tinybench/-/tinybench-2.9.0.tgz. Extracting by manifest.
1980 silly tarball no local data for punycode@https://registry.npmjs.org/punycode/-/punycode-2.3.1.tgz. Extracting by manifest.
1981 silly tarball no local data for magic-string@https://registry.npmjs.org/magic-string/-/magic-string-0.30.21.tgz. Extracting by manifest.
1982 silly tarball no local data for std-env@https://registry.npmjs.org/std-env/-/std-env-3.10.0.tgz. Extracting by manifest.
1983 silly tarball no local data for expect-type@https://registry.npmjs.org/expect-type/-/expect-type-1.4.0.tgz. Extracting by manifest.
1984 silly tarball no local data for chai@https://registry.npmjs.org/chai/-/chai-5.3.3.tgz. Extracting by manifest.
1985 silly tarball no local data for @vitest/snapshot@https://registry.npmjs.org/@vitest/snapshot/-/snapshot-2.1.9.tgz. Extracting by manifest.
1986 silly tarball no local data for @vitest/spy@https://registry.npmjs.org/@vitest/spy/-/spy-2.1.9.tgz. Extracting by manifest.
1987 silly tarball no local data for @vitest/runner@https://registry.npmjs.org/@vitest/runner/-/runner-2.1.9.tgz. Extracting by manifest.
1988 silly tarball no local data for @vitest/mocker@https://registry.npmjs.org/@vitest/mocker/-/mocker-2.1.9.tgz. Extracting by manifest.
1989 silly tarball no local data for @types/estree@https://registry.npmjs.org/@types/estree/-/estree-1.0.9.tgz. Extracting by manifest.
1990 silly tarball no local data for @vitest/expect@https://registry.npmjs.org/@vitest/expect/-/expect-2.1.9.tgz. Extracting by manifest.
1991 silly tarball no local data for @rollup/rollup-win32-x64-msvc@https://registry.npmjs.org/@rollup/rollup-win32-x64-msvc/-/rollup-win32-x64-msvc-4.63.1.tgz. Extracting by manifest.
1992 silly tarball no local data for @rollup/rollup-win32-x64-gnu@https://registry.npmjs.org/@rollup/rollup-win32-x64-gnu/-/rollup-win32-x64-gnu-4.63.1.tgz. Extracting by manifest.
1993 silly tarball no local data for @esbuild/win32-x64@https://registry.npmjs.org/@esbuild/win32-x64/-/win32-x64-0.21.5.tgz. Extracting by manifest.
1994 silly tarball no local data for rollup@https://registry.npmjs.org/rollup/-/rollup-4.63.1.tgz. Extracting by manifest.
1995 silly tarball no local data for esbuild@https://registry.npmjs.org/esbuild/-/esbuild-0.21.5.tgz. Extracting by manifest.
1996 silly tarball no local data for tldts-core@https://registry.npmjs.org/tldts-core/-/tldts-core-6.1.86.tgz. Extracting by manifest.
1997 silly tarball no local data for tldts@https://registry.npmjs.org/tldts/-/tldts-6.1.86.tgz. Extracting by manifest.
1998 silly tarball no local data for thenify@https://registry.npmjs.org/thenify/-/thenify-3.3.1.tgz. Extracting by manifest.
1999 http cache dom-accessibility-api@https://registry.npmjs.org/dom-accessibility-api/-/dom-accessibility-api-0.6.3.tgz 0ms (cache hit)
2000 silly tarball no local data for any-promise@https://registry.npmjs.org/any-promise/-/any-promise-1.3.0.tgz. Extracting by manifest.
2001 silly tarball no local data for thenify-all@https://registry.npmjs.org/thenify-all/-/thenify-all-1.6.0.tgz. Extracting by manifest.
2002 silly tarball no local data for ts-interface-checker@https://registry.npmjs.org/ts-interface-checker/-/ts-interface-checker-0.1.13.tgz. Extracting by manifest.
2003 silly tarball no local data for lines-and-columns@https://registry.npmjs.org/lines-and-columns/-/lines-and-columns-1.2.4.tgz. Extracting by manifest.
2004 silly tarball no local data for mz@https://registry.npmjs.org/mz/-/mz-2.7.0.tgz. Extracting by manifest.
2005 silly tarball no local data for commander@https://registry.npmjs.org/commander/-/commander-4.1.1.tgz. Extracting by manifest.
2006 silly tarball no local data for pirates@https://registry.npmjs.org/pirates/-/pirates-4.0.7.tgz. Extracting by manifest.
2007 silly tarball no local data for supports-preserve-symlinks-flag@https://registry.npmjs.org/supports-preserve-symlinks-flag/-/supports-preserve-symlinks-flag-1.0.0.tgz. Extracting by manifest.
2008 silly tarball no local data for path-parse@https://registry.npmjs.org/path-parse/-/path-parse-1.0.7.tgz. Extracting by manifest.
2009 silly tarball no local data for is-core-module@https://registry.npmjs.org/is-core-module/-/is-core-module-2.16.2.tgz. Extracting by manifest.
2010 silly tarball no local data for cssesc@https://registry.npmjs.org/cssesc/-/cssesc-3.0.0.tgz. Extracting by manifest.
2011 silly tarball no local data for read-cache@https://registry.npmjs.org/read-cache/-/read-cache-1.0.2.tgz. Extracting by manifest.
2012 silly tarball no local data for camelcase-css@https://registry.npmjs.org/camelcase-css/-/camelcase-css-2.0.1.tgz. Extracting by manifest.
2013 silly tarball no local data for binary-extensions@https://registry.npmjs.org/binary-extensions/-/binary-extensions-2.3.0.tgz. Extracting by manifest.
2014 silly tarball no local data for readdirp@https://registry.npmjs.org/readdirp/-/readdirp-3.6.0.tgz. Extracting by manifest.
2015 silly tarball no local data for is-binary-path@https://registry.npmjs.org/is-binary-path/-/is-binary-path-2.1.0.tgz. Extracting by manifest.
2016 silly tarball no local data for anymatch@https://registry.npmjs.org/anymatch/-/anymatch-3.1.3.tgz. Extracting by manifest.
2017 silly tarball no local data for sucrase@https://registry.npmjs.org/sucrase/-/sucrase-3.35.1.tgz. Extracting by manifest.
2018 silly tarball no local data for resolve@https://registry.npmjs.org/resolve/-/resolve-1.22.12.tgz. Extracting by manifest.
2019 silly tarball no local data for postcss-nested@https://registry.npmjs.org/postcss-nested/-/postcss-nested-6.2.0.tgz. Extracting by manifest.
2020 silly tarball no local data for postcss-selector-parser@https://registry.npmjs.org/postcss-selector-parser/-/postcss-selector-parser-6.1.4.tgz. Extracting by manifest.
2021 silly tarball no local data for postcss-load-config@https://registry.npmjs.org/postcss-load-config/-/postcss-load-config-6.0.1.tgz. Extracting by manifest.
2022 silly tarball no local data for postcss-import@https://registry.npmjs.org/postcss-import/-/postcss-import-15.1.0.tgz. Extracting by manifest.
2023 silly tarball no local data for postcss-js@https://registry.npmjs.org/postcss-js/-/postcss-js-4.1.0.tgz. Extracting by manifest.
2024 silly tarball no local data for object-hash@https://registry.npmjs.org/object-hash/-/object-hash-3.0.0.tgz. Extracting by manifest.
2025 silly tarball no local data for lilconfig@https://registry.npmjs.org/lilconfig/-/lilconfig-3.1.3.tgz. Extracting by manifest.
2026 silly tarball no local data for jiti@https://registry.npmjs.org/jiti/-/jiti-1.21.7.tgz. Extracting by manifest.
2027 silly tarball no local data for glob-parent@https://registry.npmjs.org/glob-parent/-/glob-parent-6.0.2.tgz. Extracting by manifest.
2028 silly tarball no local data for dlv@https://registry.npmjs.org/dlv/-/dlv-1.1.3.tgz. Extracting by manifest.
2029 silly tarball no local data for didyoumean@https://registry.npmjs.org/didyoumean/-/didyoumean-1.2.2.tgz. Extracting by manifest.
2030 silly tarball no local data for normalize-path@https://registry.npmjs.org/normalize-path/-/normalize-path-3.0.0.tgz. Extracting by manifest.
2031 silly tarball no local data for chokidar@https://registry.npmjs.org/chokidar/-/chokidar-3.6.0.tgz. Extracting by manifest.
2032 silly tarball no local data for @alloc/quick-lru@https://registry.npmjs.org/@alloc/quick-lru/-/quick-lru-5.2.0.tgz. Extracting by manifest.
2033 silly tarball no local data for @polka/url@https://registry.npmjs.org/@polka/url/-/url-1.0.0-next.29.tgz. Extracting by manifest.
2034 silly tarball no local data for arg@https://registry.npmjs.org/arg/-/arg-5.0.2.tgz. Extracting by manifest.
2035 silly tarball no local data for min-indent@https://registry.npmjs.org/min-indent/-/min-indent-1.0.1.tgz. Extracting by manifest.
2036 silly tarball no local data for totalist@https://registry.npmjs.org/totalist/-/totalist-3.0.1.tgz. Extracting by manifest.
2037 silly tarball no local data for indent-string@https://registry.npmjs.org/indent-string/-/indent-string-4.0.0.tgz. Extracting by manifest.
2038 silly tarball no local data for xmlchars@https://registry.npmjs.org/xmlchars/-/xmlchars-2.2.0.tgz. Extracting by manifest.
2039 silly tarball no local data for react-router@https://registry.npmjs.org/react-router/-/react-router-6.30.6.tgz. Extracting by manifest.
2040 silly tarball no local data for mrmime@https://registry.npmjs.org/mrmime/-/mrmime-2.0.1.tgz. Extracting by manifest.
2041 silly tarball no local data for strip-indent@https://registry.npmjs.org/strip-indent/-/strip-indent-3.0.0.tgz. Extracting by manifest.
2042 silly tarball no local data for scheduler@https://registry.npmjs.org/scheduler/-/scheduler-0.23.2.tgz. Extracting by manifest.
2043 silly tarball no local data for loose-envify@https://registry.npmjs.org/loose-envify/-/loose-envify-1.4.0.tgz. Extracting by manifest.
2044 silly tarball no local data for @remix-run/router@https://registry.npmjs.org/@remix-run/router/-/router-1.23.4.tgz. Extracting by manifest.
2045 silly tarball no local data for react-is@https://registry.npmjs.org/react-is/-/react-is-17.0.2.tgz. Extracting by manifest.
2046 silly tarball no local data for ansi-styles@https://registry.npmjs.org/ansi-styles/-/ansi-styles-5.2.0.tgz. Extracting by manifest.
2047 silly tarball no local data for source-map-js@https://registry.npmjs.org/source-map-js/-/source-map-js-1.2.1.tgz. Extracting by manifest.
2048 silly tarball no local data for nanoid@https://registry.npmjs.org/nanoid/-/nanoid-3.3.18.tgz. Extracting by manifest.
2049 silly tarball no local data for entities@https://registry.npmjs.org/entities/-/entities-6.0.1.tgz. Extracting by manifest.
2050 silly tarball no local data for yallist@https://registry.npmjs.org/yallist/-/yallist-3.1.1.tgz. Extracting by manifest.
2051 silly tarball no local data for agent-base@https://registry.npmjs.org/agent-base/-/agent-base-7.1.4.tgz. Extracting by manifest.
2052 silly tarball no local data for @csstools/color-helpers@https://registry.npmjs.org/@csstools/color-helpers/-/color-helpers-5.1.0.tgz. Extracting by manifest.
2053 silly tarball no local data for @csstools/css-color-parser@https://registry.npmjs.org/@csstools/css-color-parser/-/css-color-parser-3.1.0.tgz. Extracting by manifest.
2054 silly tarball no local data for @csstools/css-parser-algorithms@https://registry.npmjs.org/@csstools/css-parser-algorithms/-/css-parser-algorithms-3.0.5.tgz. Extracting by manifest.
2055 silly tarball no local data for @csstools/css-tokenizer@https://registry.npmjs.org/@csstools/css-tokenizer/-/css-tokenizer-3.0.4.tgz. Extracting by manifest.
2056 silly tarball no local data for @csstools/css-calc@https://registry.npmjs.org/@csstools/css-calc/-/css-calc-2.1.4.tgz. Extracting by manifest.
2057 silly tarball no local data for xml-name-validator@https://registry.npmjs.org/xml-name-validator/-/xml-name-validator-5.0.0.tgz. Extracting by manifest.
2058 silly tarball no local data for @asamuzakjp/css-color@https://registry.npmjs.org/@asamuzakjp/css-color/-/css-color-3.2.0.tgz. Extracting by manifest.
2059 silly tarball no local data for whatwg-url@https://registry.npmjs.org/whatwg-url/-/whatwg-url-14.2.0.tgz. Extracting by manifest.
2060 silly tarball no local data for whatwg-encoding@https://registry.npmjs.org/whatwg-encoding/-/whatwg-encoding-3.1.1.tgz. Extracting by manifest.
2061 silly tarball no local data for whatwg-mimetype@https://registry.npmjs.org/whatwg-mimetype/-/whatwg-mimetype-4.0.0.tgz. Extracting by manifest.
2062 silly tarball no local data for webidl-conversions@https://registry.npmjs.org/webidl-conversions/-/webidl-conversions-7.0.0.tgz. Extracting by manifest.
2063 silly tarball no local data for w3c-xmlserializer@https://registry.npmjs.org/w3c-xmlserializer/-/w3c-xmlserializer-5.0.0.tgz. Extracting by manifest.
2064 silly tarball no local data for tough-cookie@https://registry.npmjs.org/tough-cookie/-/tough-cookie-5.1.2.tgz. Extracting by manifest.
2065 silly tarball no local data for symbol-tree@https://registry.npmjs.org/symbol-tree/-/symbol-tree-3.2.4.tgz. Extracting by manifest.
2066 silly tarball no local data for rrweb-cssom@https://registry.npmjs.org/rrweb-cssom/-/rrweb-cssom-0.7.1.tgz. Extracting by manifest.
2067 silly tarball no local data for saxes@https://registry.npmjs.org/saxes/-/saxes-6.0.0.tgz. Extracting by manifest.
2068 silly tarball no local data for parse5@https://registry.npmjs.org/parse5/-/parse5-7.3.0.tgz. Extracting by manifest.
2069 silly tarball no local data for nwsapi@https://registry.npmjs.org/nwsapi/-/nwsapi-2.2.26.tgz. Extracting by manifest.
2070 silly tarball no local data for https-proxy-agent@https://registry.npmjs.org/https-proxy-agent/-/https-proxy-agent-7.0.6.tgz. Extracting by manifest.
2071 silly tarball no local data for is-potential-custom-element-name@https://registry.npmjs.org/is-potential-custom-element-name/-/is-potential-custom-element-name-1.0.1.tgz. Extracting by manifest.
2072 silly tarball no local data for http-proxy-agent@https://registry.npmjs.org/http-proxy-agent/-/http-proxy-agent-7.0.2.tgz. Extracting by manifest.
2073 silly tarball no local data for html-encoding-sniffer@https://registry.npmjs.org/html-encoding-sniffer/-/html-encoding-sniffer-4.0.0.tgz. Extracting by manifest.
2074 silly tarball no local data for data-urls@https://registry.npmjs.org/data-urls/-/data-urls-5.0.0.tgz. Extracting by manifest.
2075 silly tarball no local data for cssstyle@https://registry.npmjs.org/cssstyle/-/cssstyle-4.6.0.tgz. Extracting by manifest.
2076 silly tarball no local data for decimal.js@https://registry.npmjs.org/decimal.js/-/decimal.js-10.6.0.tgz. Extracting by manifest.
2077 silly tarball no local data for node-releases@https://registry.npmjs.org/node-releases/-/node-releases-2.0.54.tgz. Extracting by manifest.
2078 silly tarball no local data for update-browserslist-db@https://registry.npmjs.org/update-browserslist-db/-/update-browserslist-db-1.3.2.tgz. Extracting by manifest.
2079 silly tarball no local data for electron-to-chromium@https://registry.npmjs.org/electron-to-chromium/-/electron-to-chromium-1.5.416.tgz. Extracting by manifest.
2080 silly tarball no local data for baseline-browser-mapping@https://registry.npmjs.org/baseline-browser-mapping/-/baseline-browser-mapping-2.11.20.tgz. Extracting by manifest.
2081 silly tarball no local data for postcss-value-parser@https://registry.npmjs.org/postcss-value-parser/-/postcss-value-parser-4.2.0.tgz. Extracting by manifest.
2082 silly tarball no local data for @vitest/pretty-format@https://registry.npmjs.org/@vitest/pretty-format/-/pretty-format-2.1.9.tgz. Extracting by manifest.
2083 silly tarball no local data for fraction.js@https://registry.npmjs.org/fraction.js/-/fraction.js-5.3.4.tgz. Extracting by manifest.
2084 silly tarball no local data for dequal@https://registry.npmjs.org/dequal/-/dequal-2.0.3.tgz. Extracting by manifest.
2085 silly tarball no local data for caniuse-lite@https://registry.npmjs.org/caniuse-lite/-/caniuse-lite-1.0.30001810.tgz. Extracting by manifest.
2086 silly tarball no local data for loupe@https://registry.npmjs.org/loupe/-/loupe-3.2.1.tgz. Extracting by manifest.
2087 silly tarball no local data for tinyrainbow@https://registry.npmjs.org/tinyrainbow/-/tinyrainbow-1.2.0.tgz. Extracting by manifest.
2088 silly tarball no local data for tinyglobby@https://registry.npmjs.org/tinyglobby/-/tinyglobby-0.2.17.tgz. Extracting by manifest.
2089 silly tarball no local data for sirv@https://registry.npmjs.org/sirv/-/sirv-3.0.2.tgz. Extracting by manifest.
2090 silly tarball no local data for pathe@https://registry.npmjs.org/pathe/-/pathe-1.1.2.tgz. Extracting by manifest.
2091 silly tarball no local data for @vitest/utils@https://registry.npmjs.org/@vitest/utils/-/utils-2.1.9.tgz. Extracting by manifest.
2092 silly tarball no local data for flatted@https://registry.npmjs.org/flatted/-/flatted-3.4.4.tgz. Extracting by manifest.
2093 silly tarball no local data for fflate@https://registry.npmjs.org/fflate/-/fflate-0.8.3.tgz. Extracting by manifest.
2094 silly tarball no local data for @types/babel__traverse@https://registry.npmjs.org/@types/babel__traverse/-/babel__traverse-7.28.0.tgz. Extracting by manifest.
2095 silly tarball no local data for @jridgewell/resolve-uri@https://registry.npmjs.org/@jridgewell/resolve-uri/-/resolve-uri-3.1.2.tgz. Extracting by manifest.
2096 silly tarball no local data for @types/babel__template@https://registry.npmjs.org/@types/babel__template/-/babel__template-7.4.4.tgz. Extracting by manifest.
2097 silly tarball no local data for @jridgewell/sourcemap-codec@https://registry.npmjs.org/@jridgewell/sourcemap-codec/-/sourcemap-codec-1.6.0.tgz. Extracting by manifest.
2098 silly tarball no local data for @babel/helper-string-parser@https://registry.npmjs.org/@babel/helper-string-parser/-/helper-string-parser-7.29.7.tgz. Extracting by manifest.
2099 silly tarball no local data for @babel/helper-plugin-utils@https://registry.npmjs.org/@babel/helper-plugin-utils/-/helper-plugin-utils-7.29.7.tgz. Extracting by manifest.
2100 silly tarball no local data for @babel/helper-globals@https://registry.npmjs.org/@babel/helper-globals/-/helper-globals-7.29.7.tgz. Extracting by manifest.
2101 silly tarball no local data for @types/babel__generator@https://registry.npmjs.org/@types/babel__generator/-/babel__generator-7.27.0.tgz. Extracting by manifest.
2102 silly tarball no local data for lru-cache@https://registry.npmjs.org/lru-cache/-/lru-cache-5.1.1.tgz. Extracting by manifest.
2103 silly tarball no local data for @babel/helper-module-imports@https://registry.npmjs.org/@babel/helper-module-imports/-/helper-module-imports-7.29.7.tgz. Extracting by manifest.
2104 silly tarball no local data for browserslist@https://registry.npmjs.org/browserslist/-/browserslist-4.28.8.tgz. Extracting by manifest.
2105 silly tarball no local data for jsesc@https://registry.npmjs.org/jsesc/-/jsesc-3.1.0.tgz. Extracting by manifest.
2106 silly tarball no local data for @babel/helper-validator-option@https://registry.npmjs.org/@babel/helper-validator-option/-/helper-validator-option-7.29.7.tgz. Extracting by manifest.
2107 silly tarball no local data for @babel/compat-data@https://registry.npmjs.org/@babel/compat-data/-/compat-data-7.29.7.tgz. Extracting by manifest.
2108 silly tarball no local data for @jridgewell/trace-mapping@https://registry.npmjs.org/@jridgewell/trace-mapping/-/trace-mapping-0.3.31.tgz. Extracting by manifest.
2109 silly tarball no local data for json5@https://registry.npmjs.org/json5/-/json5-2.2.3.tgz. Extracting by manifest.
2110 silly tarball no local data for @jridgewell/gen-mapping@https://registry.npmjs.org/@jridgewell/gen-mapping/-/gen-mapping-0.3.13.tgz. Extracting by manifest.
2111 silly tarball no local data for semver@https://registry.npmjs.org/semver/-/semver-6.3.1.tgz. Extracting by manifest.
2112 silly tarball no local data for @jridgewell/remapping@https://registry.npmjs.org/@jridgewell/remapping/-/remapping-2.3.5.tgz. Extracting by manifest.
2113 silly tarball no local data for gensync@https://registry.npmjs.org/gensync/-/gensync-1.0.0-beta.2.tgz. Extracting by manifest.
2114 silly tarball no local data for convert-source-map@https://registry.npmjs.org/convert-source-map/-/convert-source-map-2.0.0.tgz. Extracting by manifest.
2115 silly tarball no local data for @babel/types@https://registry.npmjs.org/@babel/types/-/types-7.29.8.tgz. Extracting by manifest.
2116 silly tarball no local data for @babel/parser@https://registry.npmjs.org/@babel/parser/-/parser-7.29.8.tgz. Extracting by manifest.
2117 silly tarball no local data for @babel/traverse@https://registry.npmjs.org/@babel/traverse/-/traverse-7.29.8.tgz. Extracting by manifest.
2118 silly tarball no local data for @babel/helpers@https://registry.npmjs.org/@babel/helpers/-/helpers-7.29.7.tgz. Extracting by manifest.
2119 silly tarball no local data for react-refresh@https://registry.npmjs.org/react-refresh/-/react-refresh-0.17.0.tgz. Extracting by manifest.
2120 silly tarball no local data for @babel/helper-module-transforms@https://registry.npmjs.org/@babel/helper-module-transforms/-/helper-module-transforms-7.29.7.tgz. Extracting by manifest.
2121 silly tarball no local data for @babel/helper-compilation-targets@https://registry.npmjs.org/@babel/helper-compilation-targets/-/helper-compilation-targets-7.29.7.tgz. Extracting by manifest.
2122 silly tarball no local data for @babel/generator@https://registry.npmjs.org/@babel/generator/-/generator-7.29.8.tgz. Extracting by manifest.
2123 silly tarball no local data for @types/babel__core@https://registry.npmjs.org/@types/babel__core/-/babel__core-7.20.5.tgz. Extracting by manifest.
2124 silly tarball no local data for csstype@https://registry.npmjs.org/csstype/-/csstype-3.2.3.tgz. Extracting by manifest.
2125 silly tarball no local data for @rolldown/pluginutils@https://registry.npmjs.org/@rolldown/pluginutils/-/pluginutils-1.0.0-beta.27.tgz. Extracting by manifest.
2126 silly tarball no local data for @babel/plugin-transform-react-jsx-source@https://registry.npmjs.org/@babel/plugin-transform-react-jsx-source/-/plugin-transform-react-jsx-source-7.29.7.tgz. Extracting by manifest.
2127 silly tarball no local data for @types/prop-types@https://registry.npmjs.org/@types/prop-types/-/prop-types-15.7.15.tgz. Extracting by manifest.
2128 silly tarball no local data for @babel/plugin-transform-react-jsx-self@https://registry.npmjs.org/@babel/plugin-transform-react-jsx-self/-/plugin-transform-react-jsx-self-7.29.7.tgz. Extracting by manifest.
2129 silly tarball no local data for undici-types@https://registry.npmjs.org/undici-types/-/undici-types-6.21.0.tgz. Extracting by manifest.
2130 silly tarball no local data for @babel/core@https://registry.npmjs.org/@babel/core/-/core-7.29.7.tgz. Extracting by manifest.
2131 silly tarball no local data for redent@https://registry.npmjs.org/redent/-/redent-3.0.0.tgz. Extracting by manifest.
2132 silly tarball no local data for @adobe/css-tools@https://registry.npmjs.org/@adobe/css-tools/-/css-tools-4.5.0.tgz. Extracting by manifest.
2133 silly tarball no local data for @babel/helper-validator-identifier@https://registry.npmjs.org/@babel/helper-validator-identifier/-/helper-validator-identifier-7.29.7.tgz. Extracting by manifest.
2134 silly tarball no local data for css.escape@https://registry.npmjs.org/css.escape/-/css.escape-1.5.1.tgz. Extracting by manifest.
2135 silly tarball no local data for js-tokens@https://registry.npmjs.org/js-tokens/-/js-tokens-4.0.0.tgz. Extracting by manifest.
2136 silly tarball no local data for @babel/template@https://registry.npmjs.org/@babel/template/-/template-7.29.7.tgz. Extracting by manifest.
2137 silly tarball no local data for picocolors@https://registry.npmjs.org/picocolors/-/picocolors-1.1.1.tgz. Extracting by manifest.
2138 silly tarball no local data for pretty-format@https://registry.npmjs.org/pretty-format/-/pretty-format-27.5.1.tgz. Extracting by manifest.
2139 silly tarball no local data for lz-string@https://registry.npmjs.org/lz-string/-/lz-string-1.5.0.tgz. Extracting by manifest.
2140 silly tarball no local data for @types/aria-query@https://registry.npmjs.org/@types/aria-query/-/aria-query-5.0.4.tgz. Extracting by manifest.
2141 silly tarball no local data for dom-accessibility-api@https://registry.npmjs.org/dom-accessibility-api/-/dom-accessibility-api-0.5.16.tgz. Extracting by manifest.
2142 silly tarball no local data for aria-query@https://registry.npmjs.org/aria-query/-/aria-query-5.3.0.tgz. Extracting by manifest.
2143 silly tarball no local data for @babel/runtime@https://registry.npmjs.org/@babel/runtime/-/runtime-7.29.7.tgz. Extracting by manifest.
2144 silly tarball no local data for @babel/code-frame@https://registry.npmjs.org/@babel/code-frame/-/code-frame-7.29.7.tgz. Extracting by manifest.
2145 silly tarball no local data for typescript@https://registry.npmjs.org/typescript/-/typescript-5.9.3.tgz. Extracting by manifest.
2146 silly tarball no local data for tailwindcss@https://registry.npmjs.org/tailwindcss/-/tailwindcss-3.4.19.tgz. Extracting by manifest.
2147 silly tarball no local data for react-router-dom@https://registry.npmjs.org/react-router-dom/-/react-router-dom-6.30.6.tgz. Extracting by manifest.
2148 silly tarball no local data for tailwind-merge@https://registry.npmjs.org/tailwind-merge/-/tailwind-merge-2.6.1.tgz. Extracting by manifest.
2149 silly tarball no local data for lucide-react@https://registry.npmjs.org/lucide-react/-/lucide-react-0.441.0.tgz. Extracting by manifest.
2150 silly tarball no local data for jsdom@https://registry.npmjs.org/jsdom/-/jsdom-25.0.1.tgz. Extracting by manifest.
2151 silly tarball no local data for class-variance-authority@https://registry.npmjs.org/class-variance-authority/-/class-variance-authority-0.7.1.tgz. Extracting by manifest.
2152 silly tarball no local data for clsx@https://registry.npmjs.org/clsx/-/clsx-2.1.1.tgz. Extracting by manifest.
2153 silly tarball no local data for postcss@https://registry.npmjs.org/postcss/-/postcss-8.5.26.tgz. Extracting by manifest.
2154 silly tarball no local data for vitest@https://registry.npmjs.org/vitest/-/vitest-2.1.9.tgz. Extracting by manifest.
2155 silly tarball no local data for @vitest/ui@https://registry.npmjs.org/@vitest/ui/-/ui-2.1.9.tgz. Extracting by manifest.
2156 silly tarball no local data for autoprefixer@https://registry.npmjs.org/autoprefixer/-/autoprefixer-10.5.4.tgz. Extracting by manifest.
2157 silly tarball no local data for vite@https://registry.npmjs.org/vite/-/vite-5.4.21.tgz. Extracting by manifest.
2158 silly tarball no local data for @vitejs/plugin-react@https://registry.npmjs.org/@vitejs/plugin-react/-/plugin-react-4.7.0.tgz. Extracting by manifest.
2159 silly tarball no local data for @types/react-dom@https://registry.npmjs.org/@types/react-dom/-/react-dom-18.3.7.tgz. Extracting by manifest.
2160 silly tarball no local data for @types/react@https://registry.npmjs.org/@types/react/-/react-18.3.31.tgz. Extracting by manifest.
2161 silly tarball no local data for @types/node@https://registry.npmjs.org/@types/node/-/node-22.20.1.tgz. Extracting by manifest.
2162 silly tarball no local data for @truefoundry/trueforge-sdk@https://registry.npmjs.org/@truefoundry/trueforge-sdk/-/trueforge-sdk-0.1.3.tgz. Extracting by manifest.
2163 silly tarball no local data for react-dom@https://registry.npmjs.org/react-dom/-/react-dom-18.3.1.tgz. Extracting by manifest.
2164 silly tarball no local data for react@https://registry.npmjs.org/react/-/react-18.3.1.tgz. Extracting by manifest.
2165 silly tarball no local data for @testing-library/dom@https://registry.npmjs.org/@testing-library/dom/-/dom-10.4.1.tgz. Extracting by manifest.
2166 silly tarball no local data for @testing-library/react@https://registry.npmjs.org/@testing-library/react/-/react-16.3.3.tgz. Extracting by manifest.
2167 silly tarball no local data for @testing-library/jest-dom@https://registry.npmjs.org/@testing-library/jest-dom/-/jest-dom-6.9.1.tgz. Extracting by manifest.
2168 silly tarball no local data for lru-cache@https://registry.npmjs.org/lru-cache/-/lru-cache-10.4.3.tgz. Extracting by manifest.
2169 silly tarball no local data for fdir@https://registry.npmjs.org/fdir/-/fdir-6.5.0.tgz. Extracting by manifest.
2170 silly tarball no local data for rrweb-cssom@https://registry.npmjs.org/rrweb-cssom/-/rrweb-cssom-0.8.0.tgz. Extracting by manifest.
2171 silly tarball no local data for picomatch@https://registry.npmjs.org/picomatch/-/picomatch-4.0.7.tgz. Extracting by manifest.
2172 silly tarball no local data for dom-accessibility-api@https://registry.npmjs.org/dom-accessibility-api/-/dom-accessibility-api-0.6.3.tgz. Extracting by manifest.
2173 http fetch POST 200 https://registry.npmjs.org/-/npm/v1/security/advisories/bulk 665ms
2174 silly audit report {
2174 silly audit report   vite: [
2174 silly audit report     {
2174 silly audit report       id: 1120784,
2174 silly audit report       url: 'https://github.com/advisories/GHSA-v6wh-96g9-6wx3',
2174 silly audit report       title: 'launch-editor: NTLMv2 hash disclosure via UNC path handling on Windows',
2174 silly audit report       severity: 'moderate',
2174 silly audit report       vulnerable_versions: '<=6.4.2',
2174 silly audit report       cwe: [Array],
2174 silly audit report       cvss: [Object]
2174 silly audit report     },
2174 silly audit report     {
2174 silly audit report       id: 1116229,
2174 silly audit report       url: 'https://github.com/advisories/GHSA-4w7w-66w2-5vf9',
2174 silly audit report       title: 'Vite Vulnerable to Path Traversal in Optimized Deps `.map` Handling',
2174 silly audit report       severity: 'moderate',
2174 silly audit report       vulnerable_versions: '<=6.4.1',
2174 silly audit report       cwe: [Array],
2174 silly audit report       cvss: [Object]
2174 silly audit report     },
2174 silly audit report     {
2174 silly audit report       id: 1123525,
2174 silly audit report       url: 'https://github.com/advisories/GHSA-fx2h-pf6j-xcff',
2174 silly audit report       title: 'vite: `server.fs.deny` bypass on Windows alternate paths',
2174 silly audit report       severity: 'high',
2174 silly audit report       vulnerable_versions: '<=6.4.2',
2174 silly audit report       cwe: [Array],
2174 silly audit report       cvss: [Object]
2174 silly audit report     }
2174 silly audit report   ],
2174 silly audit report   vitest: [
2174 silly audit report     {
2174 silly audit report       id: 1139528,
2174 silly audit report       url: 'https://github.com/advisories/GHSA-5xrq-8626-4rwp',
2174 silly audit report       title: 'When Vitest UI server is listening, arbitrary file can be read and executed',
2174 silly audit report       severity: 'critical',
2174 silly audit report       vulnerable_versions: '<3.2.6',
2174 silly audit report       cwe: [Array],
2174 silly audit report       cvss: [Object]
2174 silly audit report     }
2174 silly audit report   ],
2174 silly audit report   'react-router': [
2174 silly audit report     {
2174 silly audit report       id: 1124268,
2174 silly audit report       url: 'https://github.com/advisories/GHSA-wrjc-x8rr-h8h6',
2174 silly audit report       title: 'React Router: Open redirect via backslash in <Link> and useNavigate (CVE-2025-68470 bypass)',
2174 silly audit report       severity: 'moderate',
2174 silly audit report       vulnerable_versions: '>=6.0.0 <7.18.0',
2174 silly audit report       cwe: [Array],
2174 silly audit report       cvss: [Object]
2174 silly audit report     },
2174 silly audit report     {
2174 silly audit report       id: 1124272,
2174 silly audit report       url: 'https://github.com/advisories/GHSA-337j-9hxr-rhxg',
2174 silly audit report       title: 'React Router: Arbitrary Constructor Injection via deserializeErrors() in React Router SSR Hydration',
2174 silly audit report       severity: 'moderate',
2174 silly audit report       vulnerable_versions: '>=6.4.0 <7.18.0',
2174 silly audit report       cwe: [Array],
2174 silly audit report       cvss: [Object]
2174 silly audit report     }
2174 silly audit report   ],
2174 silly audit report   esbuild: [
2174 silly audit report     {
2174 silly audit report       id: 1102341,
2174 silly audit report       url: 'https://github.com/advisories/GHSA-67mh-4wv8-2f99',
2174 silly audit report       title: 'esbuild enables any website to send any requests to the development server and read the response',
2174 silly audit report       severity: 'moderate',
2174 silly audit report       vulnerable_versions: '<=0.24.2',
2174 silly audit report       cwe: [Array],
2174 silly audit report       cvss: [Object]
2174 silly audit report     }
2174 silly audit report   ]
2174 silly audit report }
2175 silly packumentCache corgi:https://registry.npmjs.org/vite cache-miss
2176 silly packumentCache corgi:https://registry.npmjs.org/vitest cache-miss
2177 silly packumentCache corgi:https://registry.npmjs.org/react-router cache-miss
2178 silly packumentCache corgi:https://registry.npmjs.org/esbuild cache-miss
2179 http fetch GET 200 https://registry.npmjs.org/deep-eql/-/deep-eql-5.0.2.tgz 640ms (cache miss)
2180 http fetch GET 200 https://registry.npmjs.org/siginfo/-/siginfo-2.0.0.tgz 652ms (cache miss)
2181 http fetch GET 200 https://registry.npmjs.org/stackback/-/stackback-0.0.2.tgz 670ms (cache miss)
2182 http fetch GET 200 https://registry.npmjs.org/punycode/-/punycode-2.3.1.tgz 714ms (cache miss)
2183 http fetch GET 200 https://registry.npmjs.org/assertion-error/-/assertion-error-2.0.1.tgz 854ms (cache miss)
2184 http fetch GET 200 https://registry.npmjs.org/check-error/-/check-error-2.1.3.tgz 867ms (cache miss)
2185 http fetch GET 200 https://registry.npmjs.org/std-env/-/std-env-3.10.0.tgz 893ms (cache miss)
2186 http fetch GET 200 https://registry.npmjs.org/tinyexec/-/tinyexec-0.3.2.tgz 900ms (cache miss)
2187 http fetch GET 200 https://registry.npmjs.org/tinybench/-/tinybench-2.9.0.tgz 905ms (cache miss)
2188 http fetch GET 200 https://registry.npmjs.org/pathval/-/pathval-2.0.1.tgz 931ms (cache miss)
2189 http fetch GET 200 https://registry.npmjs.org/es-module-lexer/-/es-module-lexer-1.7.0.tgz 996ms (cache miss)
2190 http fetch GET 200 https://registry.npmjs.org/why-is-node-running/-/why-is-node-running-2.3.0.tgz 994ms (cache miss)
2191 http fetch GET 200 https://registry.npmjs.org/thenify/-/thenify-3.3.1.tgz 974ms (cache miss)
2192 http fetch GET 200 https://registry.npmjs.org/tinyspy/-/tinyspy-3.0.2.tgz 1011ms (cache miss)
2193 http fetch GET 200 https://registry.npmjs.org/tr46/-/tr46-5.1.1.tgz 1018ms (cache miss)
2194 http fetch GET 200 https://registry.npmjs.org/lines-and-columns/-/lines-and-columns-1.2.4.tgz 1022ms (cache miss)
2195 http fetch GET 200 https://registry.npmjs.org/thenify-all/-/thenify-all-1.6.0.tgz 1083ms (cache miss)
2196 http fetch GET 200 https://registry.npmjs.org/cssesc/-/cssesc-3.0.0.tgz 1286ms (cache miss)
2197 http fetch GET 200 https://registry.npmjs.org/@types/estree/-/estree-1.0.9.tgz 1325ms (cache miss)
2198 http fetch GET 200 https://registry.npmjs.org/path-parse/-/path-parse-1.0.7.tgz 1310ms (cache miss)
2199 http fetch GET 200 https://registry.npmjs.org/read-cache/-/read-cache-1.0.2.tgz 1309ms (cache miss)
2200 http fetch GET 200 https://registry.npmjs.org/camelcase-css/-/camelcase-css-2.0.1.tgz 1340ms (cache miss)
2201 http fetch GET 200 https://registry.npmjs.org/estree-walker/-/estree-walker-3.0.3.tgz 1392ms (cache miss)
2202 http fetch GET 200 https://registry.npmjs.org/pirates/-/pirates-4.0.7.tgz 1373ms (cache miss)
2203 http fetch GET 200 https://registry.npmjs.org/is-binary-path/-/is-binary-path-2.1.0.tgz 1373ms (cache miss)
2204 http fetch GET 200 https://registry.npmjs.org/binary-extensions/-/binary-extensions-2.3.0.tgz 1381ms (cache miss)
2205 http fetch GET 200 https://registry.npmjs.org/tinypool/-/tinypool-1.1.1.tgz 1423ms (cache miss)
2206 http fetch GET 200 https://registry.npmjs.org/glob-parent/-/glob-parent-6.0.2.tgz 1407ms (cache miss)
2207 http fetch GET 200 https://registry.npmjs.org/dlv/-/dlv-1.1.3.tgz 1408ms (cache miss)
2208 http fetch GET 200 https://registry.npmjs.org/expect-type/-/expect-type-1.4.0.tgz 1463ms (cache miss)
2209 http fetch GET 200 https://registry.npmjs.org/anymatch/-/anymatch-3.1.3.tgz 1434ms (cache miss)
2210 http fetch GET 200 https://registry.npmjs.org/postcss-nested/-/postcss-nested-6.2.0.tgz 1434ms (cache miss)
2211 http fetch GET 200 https://registry.npmjs.org/normalize-path/-/normalize-path-3.0.0.tgz 1435ms (cache miss)
2212 http fetch GET 200 https://registry.npmjs.org/@vitest/expect/-/expect-2.1.9.tgz 1495ms (cache miss)
2213 http fetch GET 200 https://registry.npmjs.org/commander/-/commander-4.1.1.tgz 1496ms (cache miss)
2214 http fetch GET 200 https://registry.npmjs.org/readdirp/-/readdirp-3.6.0.tgz 1486ms (cache miss)
2215 http fetch GET 200 https://registry.npmjs.org/lilconfig/-/lilconfig-3.1.3.tgz 1489ms (cache miss)
2216 http fetch GET 200 https://registry.npmjs.org/didyoumean/-/didyoumean-1.2.2.tgz 1486ms (cache miss)
2217 http fetch GET 200 https://registry.npmjs.org/indent-string/-/indent-string-4.0.0.tgz 1476ms (cache miss)
2218 http fetch GET 200 https://registry.npmjs.org/mz/-/mz-2.7.0.tgz 1517ms (cache miss)
2219 http fetch GET 200 https://registry.npmjs.org/@vitest/spy/-/spy-2.1.9.tgz 1535ms (cache miss)
2220 http fetch GET 200 https://registry.npmjs.org/magic-string/-/magic-string-0.30.21.tgz 1548ms (cache miss)
2221 http fetch GET 200 https://registry.npmjs.org/esbuild/-/esbuild-0.21.5.tgz 1558ms (cache miss)
2222 http fetch GET 200 https://registry.npmjs.org/supports-preserve-symlinks-flag/-/supports-preserve-symlinks-flag-1.0.0.tgz 1550ms (cache miss)
2223 http fetch GET 200 https://registry.npmjs.org/object-hash/-/object-hash-3.0.0.tgz 1538ms (cache miss)
2224 http fetch GET 200 https://registry.npmjs.org/totalist/-/totalist-3.0.1.tgz 1534ms (cache miss)
2225 http fetch GET 200 https://registry.npmjs.org/ts-interface-checker/-/ts-interface-checker-0.1.13.tgz 1588ms (cache miss)
2226 http fetch GET 200 https://registry.npmjs.org/postcss-js/-/postcss-js-4.1.0.tgz 1586ms (cache miss)
2227 http fetch GET 200 https://registry.npmjs.org/is-core-module/-/is-core-module-2.16.2.tgz 1607ms (cache miss)
2228 http fetch GET 200 https://registry.npmjs.org/loose-envify/-/loose-envify-1.4.0.tgz 1580ms (cache miss)
2229 http fetch GET 200 https://registry.npmjs.org/cac/-/cac-6.7.14.tgz 1661ms (cache miss)
2230 http fetch GET 200 https://registry.npmjs.org/postcss-load-config/-/postcss-load-config-6.0.1.tgz 1630ms (cache miss)
2231 http fetch GET 200 https://registry.npmjs.org/@vitest/snapshot/-/snapshot-2.1.9.tgz 1733ms (cache miss)
2232 http fetch GET 200 https://registry.npmjs.org/postcss-import/-/postcss-import-15.1.0.tgz 1724ms (cache miss)
2233 http fetch GET 200 https://registry.npmjs.org/@alloc/quick-lru/-/quick-lru-5.2.0.tgz 1735ms (cache miss)
2234 http fetch GET 200 https://registry.npmjs.org/@vitest/runner/-/runner-2.1.9.tgz 1794ms (cache miss)
2235 http fetch GET 200 https://registry.npmjs.org/arg/-/arg-5.0.2.tgz 1779ms (cache miss)
2236 http fetch GET 200 https://registry.npmjs.org/ansi-styles/-/ansi-styles-5.2.0.tgz 1796ms (cache miss)
2237 http fetch GET 200 https://registry.npmjs.org/chokidar/-/chokidar-3.6.0.tgz 1812ms (cache miss)
2238 http fetch GET 200 https://registry.npmjs.org/react-is/-/react-is-17.0.2.tgz 1837ms (cache miss)
2239 http fetch GET 200 https://registry.npmjs.org/min-indent/-/min-indent-1.0.1.tgz 1917ms (cache miss)
2240 http fetch GET 200 https://registry.npmjs.org/@polka/url/-/url-1.0.0-next.29.tgz 1939ms (cache miss)
2241 http fetch GET 200 https://registry.npmjs.org/yallist/-/yallist-3.1.1.tgz 1922ms (cache miss)
2242 http fetch GET 200 https://registry.npmjs.org/strip-indent/-/strip-indent-3.0.0.tgz 1953ms (cache miss)
2243 http fetch GET 200 https://registry.npmjs.org/@vitest/mocker/-/mocker-2.1.9.tgz 2022ms (cache miss)
2244 http fetch GET 200 https://registry.npmjs.org/scheduler/-/scheduler-0.23.2.tgz 1981ms (cache miss)
2245 http fetch GET 200 https://registry.npmjs.org/xmlchars/-/xmlchars-2.2.0.tgz 1987ms (cache miss)
2246 http fetch GET 200 https://registry.npmjs.org/xml-name-validator/-/xml-name-validator-5.0.0.tgz 2050ms (cache miss)
2247 http fetch GET 200 https://registry.npmjs.org/mrmime/-/mrmime-2.0.1.tgz 2069ms (cache miss)
2248 http fetch GET 200 https://registry.npmjs.org/any-promise/-/any-promise-1.3.0.tgz 2138ms (cache miss)
2249 http fetch GET 200 https://registry.npmjs.org/webidl-conversions/-/webidl-conversions-7.0.0.tgz 2193ms (cache miss)
2250 http fetch GET 200 https://registry.npmjs.org/source-map-js/-/source-map-js-1.2.1.tgz 2324ms (cache miss)
2251 http fetch GET 200 https://registry.npmjs.org/whatwg-encoding/-/whatwg-encoding-3.1.1.tgz 2322ms (cache miss)
2252 warn deprecated whatwg-encoding@3.1.1: Use @exodus/bytes instead for a more spec-conformant and faster implementation
2253 http fetch GET 200 https://registry.npmjs.org/whatwg-mimetype/-/whatwg-mimetype-4.0.0.tgz 2368ms (cache miss)
2254 http fetch GET 200 https://registry.npmjs.org/iconv-lite/-/iconv-lite-0.6.3.tgz 2526ms (cache miss)
2255 http fetch GET 200 https://registry.npmjs.org/w3c-xmlserializer/-/w3c-xmlserializer-5.0.0.tgz 2435ms (cache miss)
2256 http fetch GET 200 https://registry.npmjs.org/nanoid/-/nanoid-3.3.18.tgz 2474ms (cache miss)
2257 http fetch GET 200 https://registry.npmjs.org/@csstools/css-parser-algorithms/-/css-parser-algorithms-3.0.5.tgz 2480ms (cache miss)
2258 http fetch GET 200 https://registry.npmjs.org/is-potential-custom-element-name/-/is-potential-custom-element-name-1.0.1.tgz 2479ms (cache miss)
2259 http fetch GET 200 https://registry.npmjs.org/saxes/-/saxes-6.0.0.tgz 2495ms (cache miss)
2260 http fetch GET 200 https://registry.npmjs.org/http-proxy-agent/-/http-proxy-agent-7.0.2.tgz 2499ms (cache miss)
2261 http fetch GET 200 https://registry.npmjs.org/symbol-tree/-/symbol-tree-3.2.4.tgz 2549ms (cache miss)
2262 http fetch GET 200 https://registry.npmjs.org/html-encoding-sniffer/-/html-encoding-sniffer-4.0.0.tgz 2560ms (cache miss)
2263 http fetch GET 200 https://registry.npmjs.org/data-urls/-/data-urls-5.0.0.tgz 2565ms (cache miss)
2264 http fetch GET 200 https://registry.npmjs.org/vite-node/-/vite-node-2.1.9.tgz 2673ms (cache miss)
2265 http fetch GET 200 https://registry.npmjs.org/react-router/-/react-router-6.30.6.tgz 2637ms (cache miss)
2266 http fetch GET 200 https://registry.npmjs.org/@rollup/rollup-win32-x64-msvc/-/rollup-win32-x64-msvc-4.63.1.tgz 2733ms (cache miss)
2267 http fetch GET 200 https://registry.npmjs.org/jiti/-/jiti-1.21.7.tgz 2729ms (cache miss)
2268 http fetch GET 200 https://registry.npmjs.org/agent-base/-/agent-base-7.1.4.tgz 2720ms (cache miss)
2269 http fetch GET 200 https://registry.npmjs.org/@csstools/css-color-parser/-/css-color-parser-3.1.0.tgz 2719ms (cache miss)
2270 http fetch GET 200 https://registry.npmjs.org/@csstools/css-tokenizer/-/css-tokenizer-3.0.4.tgz 2719ms (cache miss)
2271 http fetch GET 200 https://registry.npmjs.org/node-releases/-/node-releases-2.0.54.tgz 2724ms (cache miss)
2272 http fetch GET 200 https://registry.npmjs.org/dequal/-/dequal-2.0.3.tgz 2864ms (cache miss)
2273 http fetch GET 200 https://registry.npmjs.org/@csstools/color-helpers/-/color-helpers-5.1.0.tgz 2918ms (cache miss)
2274 http fetch GET 200 https://registry.npmjs.org/update-browserslist-db/-/update-browserslist-db-1.3.2.tgz 2933ms (cache miss)
2275 http fetch GET 200 https://registry.npmjs.org/whatwg-url/-/whatwg-url-14.2.0.tgz 2962ms (cache miss)
2276 http fetch GET 200 https://registry.npmjs.org/tinyrainbow/-/tinyrainbow-1.2.0.tgz 2947ms (cache miss)
2277 http fetch GET 200 https://registry.npmjs.org/https-proxy-agent/-/https-proxy-agent-7.0.6.tgz 3000ms (cache miss)
2278 http fetch GET 200 https://registry.npmjs.org/postcss-value-parser/-/postcss-value-parser-4.2.0.tgz 2995ms (cache miss)
2279 http fetch GET 200 https://registry.npmjs.org/@rollup/rollup-win32-x64-gnu/-/rollup-win32-x64-gnu-4.63.1.tgz 3096ms (cache miss)
2280 http fetch GET 200 https://registry.npmjs.org/@csstools/css-calc/-/css-calc-2.1.4.tgz 3044ms (cache miss)
2281 http fetch GET 200 https://registry.npmjs.org/pathe/-/pathe-1.1.2.tgz 3012ms (cache miss)
2282 http fetch GET 200 https://registry.npmjs.org/sirv/-/sirv-3.0.2.tgz 3028ms (cache miss)
2283 http fetch GET 200 https://registry.npmjs.org/baseline-browser-mapping/-/baseline-browser-mapping-2.11.20.tgz 3091ms (cache miss)
2284 http fetch GET 200 https://registry.npmjs.org/flatted/-/flatted-3.4.4.tgz 3076ms (cache miss)
2285 http fetch GET 200 https://registry.npmjs.org/nwsapi/-/nwsapi-2.2.26.tgz 3108ms (cache miss)
2286 http fetch GET 200 https://registry.npmjs.org/postcss-selector-parser/-/postcss-selector-parser-6.1.4.tgz 3167ms (cache miss)
2287 http fetch GET 200 https://registry.npmjs.org/@vitest/pretty-format/-/pretty-format-2.1.9.tgz 3137ms (cache miss)
2288 http fetch GET 200 https://registry.npmjs.org/tinyglobby/-/tinyglobby-0.2.17.tgz 3133ms (cache miss)
2289 http fetch GET 200 https://registry.npmjs.org/@types/babel__traverse/-/babel__traverse-7.28.0.tgz 3151ms (cache miss)
2290 http fetch GET 200 https://registry.npmjs.org/@babel/helper-plugin-utils/-/helper-plugin-utils-7.29.7.tgz 3155ms (cache miss)
2291 http fetch GET 200 https://registry.npmjs.org/@babel/helper-globals/-/helper-globals-7.29.7.tgz 3157ms (cache miss)
2292 http fetch GET 200 https://registry.npmjs.org/@types/babel__generator/-/babel__generator-7.27.0.tgz 3178ms (cache miss)
2293 http fetch GET 200 https://registry.npmjs.org/@types/babel__template/-/babel__template-7.4.4.tgz 3187ms (cache miss)
2294 http fetch GET 200 https://registry.npmjs.org/lru-cache/-/lru-cache-5.1.1.tgz 3210ms (cache miss)
2295 http fetch GET 200 https://registry.npmjs.org/decimal.js/-/decimal.js-10.6.0.tgz 3247ms (cache miss)
2296 http fetch GET 200 https://registry.npmjs.org/@babel/helper-string-parser/-/helper-string-parser-7.29.7.tgz 3228ms (cache miss)
2297 http fetch GET 200 https://registry.npmjs.org/@babel/helper-validator-option/-/helper-validator-option-7.29.7.tgz 3264ms (cache miss)
2298 http fetch GET 200 https://registry.npmjs.org/electron-to-chromium/-/electron-to-chromium-1.5.416.tgz 3429ms (cache miss)
2299 http fetch GET 200 https://registry.npmjs.org/jsesc/-/jsesc-3.1.0.tgz 3407ms (cache miss)
2300 http fetch GET 200 https://registry.npmjs.org/chai/-/chai-5.3.3.tgz 3561ms (cache miss)
2301 http fetch GET 200 https://registry.npmjs.org/gensync/-/gensync-1.0.0-beta.2.tgz 3433ms (cache miss)
2302 http fetch GET 200 https://registry.npmjs.org/semver/-/semver-6.3.1.tgz 3467ms (cache miss)
2303 http fetch GET 200 https://registry.npmjs.org/convert-source-map/-/convert-source-map-2.0.0.tgz 3465ms (cache miss)
2304 http fetch GET 200 https://registry.npmjs.org/@jridgewell/resolve-uri/-/resolve-uri-3.1.2.tgz 3605ms (cache miss)
2305 http fetch GET 200 https://registry.npmjs.org/browserslist/-/browserslist-4.28.8.tgz 3609ms (cache miss)
2306 http fetch GET 200 https://registry.npmjs.org/@types/babel__core/-/babel__core-7.20.5.tgz 3620ms (cache miss)
2307 http fetch GET 200 https://registry.npmjs.org/@rolldown/pluginutils/-/pluginutils-1.0.0-beta.27.tgz 3642ms (cache miss)
2308 http fetch GET 200 https://registry.npmjs.org/fraction.js/-/fraction.js-5.3.4.tgz 3749ms (cache miss)
2309 http fetch GET 200 https://registry.npmjs.org/rrweb-cssom/-/rrweb-cssom-0.7.1.tgz 3783ms (cache miss)
2310 http fetch GET 200 https://registry.npmjs.org/react-refresh/-/react-refresh-0.17.0.tgz 3736ms (cache miss)
2311 http fetch GET 200 https://registry.npmjs.org/@babel/helper-module-imports/-/helper-module-imports-7.29.7.tgz 3807ms (cache miss)
2312 http fetch GET 200 https://registry.npmjs.org/redent/-/redent-3.0.0.tgz 3822ms (cache miss)
2313 http fetch GET 200 https://registry.npmjs.org/rollup/-/rollup-4.63.1.tgz 4030ms (cache miss)
2314 http fetch GET 200 https://registry.npmjs.org/@babel/compat-data/-/compat-data-7.29.7.tgz 3933ms (cache miss)
2315 http fetch GET 200 https://registry.npmjs.org/js-tokens/-/js-tokens-4.0.0.tgz 3918ms (cache miss)
2316 http fetch GET 200 https://registry.npmjs.org/css.escape/-/css.escape-1.5.1.tgz 3945ms (cache miss)
2317 http fetch GET 200 https://registry.npmjs.org/@babel/helper-validator-identifier/-/helper-validator-identifier-7.29.7.tgz 3947ms (cache miss)
2318 http fetch GET 200 https://registry.npmjs.org/@babel/plugin-transform-react-jsx-source/-/plugin-transform-react-jsx-source-7.29.7.tgz 3958ms (cache miss)
2319 http fetch GET 200 https://registry.npmjs.org/picocolors/-/picocolors-1.1.1.tgz 3947ms (cache miss)
2320 http fetch GET 200 https://registry.npmjs.org/@types/prop-types/-/prop-types-15.7.15.tgz 3999ms (cache miss)
2321 http fetch GET 200 https://registry.npmjs.org/@babel/plugin-transform-react-jsx-self/-/plugin-transform-react-jsx-self-7.29.7.tgz 4001ms (cache miss)
2322 http fetch GET 200 https://registry.npmjs.org/fflate/-/fflate-0.8.3.tgz 4102ms (cache miss)
2323 http fetch GET 200 https://registry.npmjs.org/@babel/code-frame/-/code-frame-7.29.7.tgz 4063ms (cache miss)
2324 http fetch GET 200 https://registry.npmjs.org/clsx/-/clsx-2.1.1.tgz 4110ms (cache miss)
2325 http fetch GET 200 https://registry.npmjs.org/class-variance-authority/-/class-variance-authority-0.7.1.tgz 4112ms (cache miss)
2326 http fetch GET 200 https://registry.npmjs.org/json5/-/json5-2.2.3.tgz 4169ms (cache miss)
2327 http fetch GET 200 https://registry.npmjs.org/@vitest/utils/-/utils-2.1.9.tgz 4200ms (cache miss)
2328 http fetch GET 200 https://registry.npmjs.org/@babel/helper-module-transforms/-/helper-module-transforms-7.29.7.tgz 4207ms (cache miss)
2329 http fetch GET 200 https://registry.npmjs.org/csstype/-/csstype-3.2.3.tgz 4239ms (cache miss)
2330 http fetch GET 200 https://registry.npmjs.org/@types/aria-query/-/aria-query-5.0.4.tgz 4265ms (cache miss)
2331 http fetch GET 200 https://registry.npmjs.org/tldts/-/tldts-6.1.86.tgz 4449ms (cache miss)
2332 http fetch GET 200 https://registry.npmjs.org/tough-cookie/-/tough-cookie-5.1.2.tgz 4458ms (cache miss)
2333 http fetch GET 200 https://registry.npmjs.org/@babel/helper-compilation-targets/-/helper-compilation-targets-7.29.7.tgz 4415ms (cache miss)
2334 http fetch GET 200 https://registry.npmjs.org/@remix-run/router/-/router-1.23.4.tgz 4541ms (cache miss)
2335 http fetch GET 200 https://registry.npmjs.org/lz-string/-/lz-string-1.5.0.tgz 4535ms (cache miss)
2336 http fetch GET 200 https://registry.npmjs.org/@jridgewell/sourcemap-codec/-/sourcemap-codec-1.6.0.tgz 4645ms (cache miss)
2337 http fetch GET 200 https://registry.npmjs.org/@babel/template/-/template-7.29.7.tgz 4648ms (cache miss)
2338 http fetch GET 200 https://registry.npmjs.org/undici-types/-/undici-types-6.21.0.tgz 4665ms (cache miss)
2339 http fetch GET 200 https://registry.npmjs.org/@jridgewell/remapping/-/remapping-2.3.5.tgz 4784ms (cache miss)
2340 http fetch GET 200 https://registry.npmjs.org/@jridgewell/gen-mapping/-/gen-mapping-0.3.13.tgz 4866ms (cache miss)
2341 http fetch GET 200 https://registry.npmjs.org/pretty-format/-/pretty-format-27.5.1.tgz 4899ms (cache miss)
2342 http fetch GET 200 https://registry.npmjs.org/react-router-dom/-/react-router-dom-6.30.6.tgz 4891ms (cache miss)
2343 http fetch GET 200 https://registry.npmjs.org/loupe/-/loupe-3.2.1.tgz 5085ms (cache miss)
2344 http fetch GET 200 https://registry.npmjs.org/@vitejs/plugin-react/-/plugin-react-4.7.0.tgz 5001ms (cache miss)
2345 http fetch GET 200 https://registry.npmjs.org/@types/react-dom/-/react-dom-18.3.7.tgz 5013ms (cache miss)
2346 http fetch GET 200 https://registry.npmjs.org/tailwind-merge/-/tailwind-merge-2.6.1.tgz 5061ms (cache miss)
2347 http fetch GET 200 https://registry.npmjs.org/tldts-core/-/tldts-core-6.1.86.tgz 5291ms (cache miss)
2348 http fetch GET 200 https://registry.npmjs.org/@jridgewell/trace-mapping/-/trace-mapping-0.3.31.tgz 5249ms (cache miss)
2349 http fetch GET 200 https://registry.npmjs.org/@babel/generator/-/generator-7.29.8.tgz 5344ms (cache miss)
2350 http fetch GET 200 https://registry.npmjs.org/@types/react/-/react-18.3.31.tgz 5548ms (cache miss)
2351 http fetch GET 200 https://registry.npmjs.org/postcss/-/postcss-8.5.26.tgz 5576ms (cache miss)
2352 http fetch GET 200 https://registry.npmjs.org/parse5/-/parse5-7.3.0.tgz 5684ms (cache miss)
2353 http fetch GET 200 https://registry.npmjs.org/@esbuild/win32-x64/-/win32-x64-0.21.5.tgz 5827ms (cache miss)
2354 http fetch GET 200 https://registry.npmjs.org/@vitest/ui/-/ui-2.1.9.tgz 5730ms (cache miss)
2355 http fetch GET 200 https://registry.npmjs.org/dom-accessibility-api/-/dom-accessibility-api-0.5.16.tgz 5775ms (cache miss)
2356 http fetch GET 200 https://registry.npmjs.org/@adobe/css-tools/-/css-tools-4.5.0.tgz 5781ms (cache miss)
2357 http fetch GET 200 https://registry.npmjs.org/entities/-/entities-6.0.1.tgz 5957ms (cache miss)
2358 http fetch GET 200 https://registry.npmjs.org/resolve/-/resolve-1.22.12.tgz 6002ms (cache miss)
2359 http fetch GET 200 https://registry.npmjs.org/fdir/-/fdir-6.5.0.tgz 5839ms (cache miss)
2360 http fetch GET 200 https://registry.npmjs.org/react/-/react-18.3.1.tgz 5881ms (cache miss)
2361 http fetch GET 200 https://registry.npmjs.org/@asamuzakjp/css-color/-/css-color-3.2.0.tgz 6105ms (cache miss)
2362 http fetch GET 200 https://registry.npmjs.org/cssstyle/-/cssstyle-4.6.0.tgz 6210ms (cache miss)
2363 http fetch GET 200 https://registry.npmjs.org/@babel/traverse/-/traverse-7.29.8.tgz 6167ms (cache miss)
2364 http fetch GET 200 https://registry.npmjs.org/picomatch/-/picomatch-4.0.7.tgz 6166ms (cache miss)
2365 http fetch GET 200 https://registry.npmjs.org/lru-cache/-/lru-cache-10.4.3.tgz 6370ms (cache miss)
2366 http fetch GET 200 https://registry.npmjs.org/@testing-library/react/-/react-16.3.3.tgz 6477ms (cache miss)
2367 http fetch GET 200 https://registry.npmjs.org/rrweb-cssom/-/rrweb-cssom-0.8.0.tgz 6649ms (cache miss)
2368 http fetch GET 200 https://registry.npmjs.org/@babel/parser/-/parser-7.29.8.tgz 6785ms (cache miss)
2369 http fetch GET 200 https://registry.npmjs.org/autoprefixer/-/autoprefixer-10.5.4.tgz 6873ms (cache miss)
2370 http fetch GET 200 https://registry.npmjs.org/@testing-library/jest-dom/-/jest-dom-6.9.1.tgz 6998ms (cache miss)
2371 http fetch GET 200 https://registry.npmjs.org/vitest 6755ms (cache miss)
2372 silly packumentCache corgi:https://registry.npmjs.org/vitest set size:undefined disposed:false
2373 http fetch GET 200 https://registry.npmjs.org/vite 6897ms (cache miss)
2374 silly packumentCache corgi:https://registry.npmjs.org/vite set size:undefined disposed:false
2375 http fetch GET 200 https://registry.npmjs.org/esbuild 7174ms (cache miss)
2376 silly packumentCache corgi:https://registry.npmjs.org/esbuild set size:undefined disposed:false
2377 http fetch GET 200 https://registry.npmjs.org/react-router 7225ms (cache miss)
2378 silly packumentCache corgi:https://registry.npmjs.org/react-router set size:undefined disposed:false
2379 http fetch GET 200 https://registry.npmjs.org/react-dom/-/react-dom-18.3.1.tgz 7809ms (cache miss)
2380 silly packumentCache corgi:https://registry.npmjs.org/@vitejs%2fplugin-react cache-miss
2381 silly packumentCache corgi:https://registry.npmjs.org/@vitest%2fmocker cache-miss
2382 silly packumentCache corgi:https://registry.npmjs.org/vite-node cache-miss
2383 http fetch GET 200 https://registry.npmjs.org/vite/-/vite-5.4.21.tgz 8232ms (cache miss)
2384 http fetch GET 200 https://registry.npmjs.org/vitest/-/vitest-2.1.9.tgz 8291ms (cache miss)
2385 http fetch GET 200 https://registry.npmjs.org/@vitejs%2fplugin-react 507ms (cache miss)
2386 silly packumentCache corgi:https://registry.npmjs.org/@vitejs%2fplugin-react set size:undefined disposed:false
2387 http fetch GET 200 https://registry.npmjs.org/dom-accessibility-api/-/dom-accessibility-api-0.6.3.tgz 8423ms (cache miss)
2388 http fetch GET 200 https://registry.npmjs.org/vite-node 672ms (cache miss)
2389 silly packumentCache corgi:https://registry.npmjs.org/vite-node set size:undefined disposed:false
2390 http fetch GET 200 https://registry.npmjs.org/@testing-library/dom/-/dom-10.4.1.tgz 8759ms (cache miss)
2391 http fetch GET 200 https://registry.npmjs.org/@vitest%2fmocker 914ms (cache miss)
2392 silly packumentCache corgi:https://registry.npmjs.org/@vitest%2fmocker set size:undefined disposed:false
2393 silly packumentCache corgi:https://registry.npmjs.org/@vitest%2fui cache-miss
2394 http fetch GET 200 https://registry.npmjs.org/@babel/core/-/core-7.29.7.tgz 8882ms (cache miss)
2395 http fetch GET 200 https://registry.npmjs.org/@types/node/-/node-22.20.1.tgz 9069ms (cache miss)
2396 http fetch GET 200 https://registry.npmjs.org/sucrase/-/sucrase-3.35.1.tgz 9301ms (cache miss)
2397 http fetch GET 200 https://registry.npmjs.org/@babel/types/-/types-7.29.8.tgz 9279ms (cache miss)
2398 http fetch GET 200 https://registry.npmjs.org/aria-query/-/aria-query-5.3.0.tgz 9345ms (cache miss)
2399 http fetch GET 200 https://registry.npmjs.org/@babel/helpers/-/helpers-7.29.7.tgz 9465ms (cache miss)
2400 http fetch GET 200 https://registry.npmjs.org/@babel/runtime/-/runtime-7.29.7.tgz 9726ms (cache miss)
2401 http fetch GET 200 https://registry.npmjs.org/@vitest%2fui 1635ms (cache miss)
2402 silly packumentCache corgi:https://registry.npmjs.org/@vitest%2fui set size:undefined disposed:false
2403 silly packumentCache corgi:https://registry.npmjs.org/react-router-dom cache-miss
2404 http fetch GET 200 https://registry.npmjs.org/jsdom/-/jsdom-25.0.1.tgz 11090ms (cache miss)
2405 http fetch GET 200 https://registry.npmjs.org/react-router-dom 491ms (cache miss)
2406 silly packumentCache corgi:https://registry.npmjs.org/react-router-dom set size:undefined disposed:false
2407 http fetch GET 200 https://registry.npmjs.org/caniuse-lite/-/caniuse-lite-1.0.30001810.tgz 12889ms (cache miss)
2408 http fetch GET 200 https://registry.npmjs.org/tailwindcss/-/tailwindcss-3.4.19.tgz 13083ms (cache miss)
2409 http fetch GET 200 https://registry.npmjs.org/typescript/-/typescript-5.9.3.tgz 14413ms (cache miss)
2410 http fetch GET 200 https://registry.npmjs.org/@truefoundry/trueforge-sdk/-/trueforge-sdk-0.1.3.tgz 19448ms (cache miss)
2411 http fetch GET 200 https://registry.npmjs.org/lucide-react/-/lucide-react-0.441.0.tgz 20093ms (cache miss)
2412 info run esbuild@0.21.5 postinstall node_modules/esbuild node install.js
2413 info run esbuild@0.21.5 postinstall { code: 0, signal: null }
2414 silly ADD node_modules/stackback
2415 silly ADD node_modules/siginfo
2416 silly ADD node_modules/punycode
2417 silly ADD node_modules/tr46
2418 silly ADD node_modules/safer-buffer
2419 silly ADD node_modules/iconv-lite
2420 silly ADD node_modules/es-module-lexer
2421 silly ADD node_modules/cac
2422 silly ADD node_modules/pathval
2423 silly ADD node_modules/deep-eql
2424 silly ADD node_modules/check-error
2425 silly ADD node_modules/assertion-error
2426 silly ADD node_modules/tinyspy
2427 silly ADD node_modules/estree-walker
2428 silly ADD node_modules/why-is-node-running
2429 silly ADD node_modules/vite-node
2430 silly ADD node_modules/tinypool
2431 silly ADD node_modules/tinyexec
2432 silly ADD node_modules/tinybench
2433 silly ADD node_modules/std-env
2434 silly ADD node_modules/magic-string
2435 silly ADD node_modules/expect-type
2436 silly ADD node_modules/chai
2437 silly ADD node_modules/@vitest/spy
2438 silly ADD node_modules/@vitest/snapshot
2439 silly ADD node_modules/@vitest/runner
2440 silly ADD node_modules/@vitest/mocker
2441 silly ADD node_modules/@vitest/expect
2442 silly ADD node_modules/@types/estree
2443 silly ADD node_modules/@rollup/rollup-win32-x64-msvc
2444 silly ADD node_modules/@rollup/rollup-win32-x64-gnu
2445 silly ADD node_modules/@esbuild/win32-x64
2446 silly ADD node_modules/rollup
2447 silly ADD node_modules/esbuild
2448 silly ADD node_modules/escalade
2449 silly ADD node_modules/tldts-core
2450 silly ADD node_modules/tldts
2451 silly ADD node_modules/is-number
2452 silly ADD node_modules/thenify
2453 silly ADD node_modules/thenify-all
2454 silly ADD node_modules/object-assign
2455 silly ADD node_modules/any-promise
2456 silly ADD node_modules/ts-interface-checker
2457 silly ADD node_modules/pirates
2458 silly ADD node_modules/mz
2459 silly ADD node_modules/lines-and-columns
2460 silly ADD node_modules/commander
2461 silly ADD node_modules/queue-microtask
2462 silly ADD node_modules/supports-preserve-symlinks-flag
2463 silly ADD node_modules/path-parse
2464 silly ADD node_modules/is-core-module
2465 silly ADD node_modules/util-deprecate
2466 silly ADD node_modules/cssesc
2467 silly ADD node_modules/camelcase-css
2468 silly ADD node_modules/read-cache
2469 silly ADD node_modules/is-extglob
2470 silly ADD node_modules/binary-extensions
2471 silly ADD node_modules/to-regex-range
2472 silly ADD node_modules/reusify
2473 silly ADD node_modules/run-parallel
2474 silly ADD node_modules/fastq
2475 silly ADD node_modules/@nodelib/fs.scandir
2476 silly ADD node_modules/merge2
2477 silly ADD node_modules/@nodelib/fs.walk
2478 silly ADD node_modules/@nodelib/fs.stat
2479 silly ADD node_modules/fill-range
2480 silly ADD node_modules/picomatch
2481 silly ADD node_modules/readdirp
2482 silly ADD node_modules/is-binary-path
2483 silly ADD node_modules/braces
2484 silly ADD node_modules/anymatch
2485 silly ADD node_modules/sucrase
2486 silly ADD node_modules/resolve
2487 silly ADD node_modules/postcss-selector-parser
2488 silly ADD node_modules/postcss-nested
2489 silly ADD node_modules/postcss-load-config
2490 silly ADD node_modules/postcss-js
2491 silly ADD node_modules/postcss-import
2492 silly ADD node_modules/object-hash
2493 silly ADD node_modules/normalize-path
2494 silly ADD node_modules/micromatch
2495 silly ADD node_modules/lilconfig
2496 silly ADD node_modules/jiti
2497 silly ADD node_modules/is-glob
2498 silly ADD node_modules/glob-parent
2499 silly ADD node_modules/fast-glob
2500 silly ADD node_modules/fast-glob/node_modules/glob-parent
2501 silly ADD node_modules/dlv
2502 silly ADD node_modules/didyoumean
2503 silly ADD node_modules/chokidar
2504 silly ADD node_modules/chokidar/node_modules/glob-parent
2505 silly ADD node_modules/arg
2506 silly ADD node_modules/@alloc/quick-lru
2507 silly ADD node_modules/min-indent
2508 silly ADD node_modules/totalist
2509 silly ADD node_modules/mrmime
2510 silly ADD node_modules/@polka/url
2511 silly ADD node_modules/xmlchars
2512 silly ADD node_modules/strip-indent
2513 silly ADD node_modules/indent-string
2514 silly ADD node_modules/react-router
2515 silly ADD node_modules/@remix-run/router
2516 silly ADD node_modules/scheduler
2517 silly ADD node_modules/loose-envify
2518 silly ADD node_modules/react-is
2519 silly ADD node_modules/ansi-styles
2520 silly ADD node_modules/ansi-regex
2521 silly ADD node_modules/source-map-js
2522 silly ADD node_modules/nanoid
2523 silly ADD node_modules/entities
2524 silly ADD node_modules/mime-db
2525 silly ADD node_modules/yallist
2526 silly ADD node_modules/agent-base
2527 silly ADD node_modules/dunder-proto
2528 silly ADD node_modules/math-intrinsics
2529 silly ADD node_modules/has-symbols
2530 silly ADD node_modules/gopd
2531 silly ADD node_modules/get-proto
2532 silly ADD node_modules/function-bind
2533 silly ADD node_modules/es-object-atoms
2534 silly ADD node_modules/es-define-property
2535 silly ADD node_modules/call-bind-apply-helpers
2536 silly ADD node_modules/has-tostringtag
2537 silly ADD node_modules/get-intrinsic
2538 silly ADD node_modules/es-errors
2539 silly ADD node_modules/delayed-stream
2540 silly ADD node_modules/mime-types
2541 silly ADD node_modules/hasown
2542 silly ADD node_modules/es-set-tostringtag
2543 silly ADD node_modules/combined-stream
2544 silly ADD node_modules/asynckit
2545 silly ADD node_modules/@csstools/color-helpers
2546 silly ADD node_modules/@csstools/css-color-parser
2547 silly ADD node_modules/@csstools/css-parser-algorithms
2548 silly ADD node_modules/@csstools/css-tokenizer
2549 silly ADD node_modules/@csstools/css-calc
2550 silly ADD node_modules/@asamuzakjp/css-color
2551 silly ADD node_modules/@asamuzakjp/css-color/node_modules/lru-cache
2552 silly ADD node_modules/xml-name-validator
2553 silly ADD node_modules/ws
2554 silly ADD node_modules/whatwg-url
2555 silly ADD node_modules/whatwg-mimetype
2556 silly ADD node_modules/whatwg-encoding
2557 silly ADD node_modules/webidl-conversions
2558 silly ADD node_modules/w3c-xmlserializer
2559 silly ADD node_modules/tough-cookie
2560 silly ADD node_modules/symbol-tree
2561 silly ADD node_modules/saxes
2562 silly ADD node_modules/rrweb-cssom
2563 silly ADD node_modules/parse5
2564 silly ADD node_modules/nwsapi
2565 silly ADD node_modules/is-potential-custom-element-name
2566 silly ADD node_modules/https-proxy-agent
2567 silly ADD node_modules/http-proxy-agent
2568 silly ADD node_modules/html-encoding-sniffer
2569 silly ADD node_modules/form-data
2570 silly ADD node_modules/decimal.js
2571 silly ADD node_modules/data-urls
2572 silly ADD node_modules/cssstyle
2573 silly ADD node_modules/cssstyle/node_modules/rrweb-cssom
2574 silly ADD node_modules/ms
2575 silly ADD node_modules/update-browserslist-db
2576 silly ADD node_modules/node-releases
2577 silly ADD node_modules/electron-to-chromium
2578 silly ADD node_modules/baseline-browser-mapping
2579 silly ADD node_modules/postcss-value-parser
2580 silly ADD node_modules/fraction.js
2581 silly ADD node_modules/caniuse-lite
2582 silly ADD node_modules/dequal
2583 silly ADD node_modules/loupe
2584 silly ADD node_modules/@vitest/pretty-format
2585 silly ADD node_modules/tinyrainbow
2586 silly ADD node_modules/tinyglobby
2587 silly ADD node_modules/tinyglobby/node_modules/picomatch
2588 silly ADD node_modules/tinyglobby/node_modules/fdir
2589 silly ADD node_modules/sirv
2590 silly ADD node_modules/pathe
2591 silly ADD node_modules/flatted
2592 silly ADD node_modules/fflate
2593 silly ADD node_modules/@vitest/utils
2594 silly ADD node_modules/@types/babel__traverse
2595 silly ADD node_modules/@types/babel__template
2596 silly ADD node_modules/@types/babel__generator
2597 silly ADD node_modules/@jridgewell/resolve-uri
2598 silly ADD node_modules/@jridgewell/sourcemap-codec
2599 silly ADD node_modules/@babel/helper-string-parser
2600 silly ADD node_modules/@babel/helper-globals
2601 silly ADD node_modules/@babel/helper-plugin-utils
2602 silly ADD node_modules/@babel/helper-module-imports
2603 silly ADD node_modules/lru-cache
2604 silly ADD node_modules/browserslist
2605 silly ADD node_modules/@babel/helper-validator-option
2606 silly ADD node_modules/@babel/compat-data
2607 silly ADD node_modules/jsesc
2608 silly ADD node_modules/@jridgewell/trace-mapping
2609 silly ADD node_modules/@jridgewell/gen-mapping
2610 silly ADD node_modules/semver
2611 silly ADD node_modules/json5
2612 silly ADD node_modules/gensync
2613 silly ADD node_modules/debug
2614 silly ADD node_modules/convert-source-map
2615 silly ADD node_modules/@jridgewell/remapping
2616 silly ADD node_modules/@babel/types
2617 silly ADD node_modules/@babel/traverse
2618 silly ADD node_modules/@babel/template
2619 silly ADD node_modules/@babel/parser
2620 silly ADD node_modules/@babel/helpers
2621 silly ADD node_modules/@babel/helper-module-transforms
2622 silly ADD node_modules/@babel/helper-compilation-targets
2623 silly ADD node_modules/@babel/generator
2624 silly ADD node_modules/react-refresh
2625 silly ADD node_modules/@types/babel__core
2626 silly ADD node_modules/@rolldown/pluginutils
2627 silly ADD node_modules/@babel/plugin-transform-react-jsx-source
2628 silly ADD node_modules/@babel/plugin-transform-react-jsx-self
2629 silly ADD node_modules/@babel/core
2630 silly ADD node_modules/csstype
2631 silly ADD node_modules/@types/prop-types
2632 silly ADD node_modules/undici-types
2633 silly ADD node_modules/redent
2634 silly ADD node_modules/css.escape
2635 silly ADD node_modules/@adobe/css-tools
2636 silly ADD node_modules/js-tokens
2637 silly ADD node_modules/@babel/helper-validator-identifier
2638 silly ADD node_modules/pretty-format
2639 silly ADD node_modules/picocolors
2640 silly ADD node_modules/lz-string
2641 silly ADD node_modules/dom-accessibility-api
2642 silly ADD node_modules/aria-query
2643 silly ADD node_modules/@types/aria-query
2644 silly ADD node_modules/@babel/runtime
2645 silly ADD node_modules/@babel/code-frame
2646 silly ADD node_modules/typescript
2647 silly ADD node_modules/tailwindcss
2648 silly ADD node_modules/tailwind-merge
2649 silly ADD node_modules/react-router-dom
2650 silly ADD node_modules/lucide-react
2651 silly ADD node_modules/jsdom
2652 silly ADD node_modules/clsx
2653 silly ADD node_modules/class-variance-authority
2654 silly ADD node_modules/postcss
2655 silly ADD node_modules/autoprefixer
2656 silly ADD node_modules/vitest
2657 silly ADD node_modules/@vitest/ui
2658 silly ADD node_modules/vite
2659 silly ADD node_modules/@vitejs/plugin-react
2660 silly ADD node_modules/@types/react-dom
2661 silly ADD node_modules/@types/react
2662 silly ADD node_modules/@types/node
2663 silly ADD node_modules/@truefoundry/trueforge-sdk
2664 silly ADD node_modules/@testing-library/dom
2665 silly ADD node_modules/react-dom
2666 silly ADD node_modules/react
2667 silly ADD node_modules/@testing-library/react
2668 silly ADD node_modules/@testing-library/jest-dom
2669 silly ADD node_modules/@testing-library/jest-dom/node_modules/dom-accessibility-api
2670 verbose cwd D:\Hackathons\WEMAKEDEVS\trueforge_hackathon
2671 verbose os Windows_NT 10.0.26200
2672 verbose node v24.11.1
2673 verbose npm  v11.6.4
2674 verbose exit 0
2675 info ok
